"team","total","attack","defense","n.games","region","age","fall.league","other"
"Eagles SC G01",1734,20.77,31.27,52,"CAS","G01","CalSouth CSL Gold",""
"Real Colorado National G01",1722,17.52,34.02,38,"CO","G01","CO Super League",""
"Legends FC G01",1658,15.37,24.88,55,"CAS","G01","CalSouth DSL1",""
"So Cal Blues Baker G01",1652,30.39,12.1,57,"CAS","G01","CalSouth DSL1",""
"Creeks Soccer Kursh Elite G01",1634,18.09,17.89,10,"FL","G01","",""
"WPFC pre-ECNL G01",1583,15.68,14.48,47,"WA","G01","RCL 1","NWCL"
"San Diego Surf SC EGSL Academy G01",1582,15.65,14.47,45,"CAS","G01","CalSouth DSL1",""
"Crossfire Premier A Schmetzer G01",1577,13.29,16.47,52,"WA","G01","RCL 1","NWCL"
"Sporting BV Juventus G01",1576,19.22,11.28,8,"KS","G01","",""
"LA Galaxy South Bay Elite G01",1572,14.63,14.39,52,"CAS","G01","CalSouth DSL1",""
"Hawaii Surf 01 G00",1565,18.38,10.9,13,"HI","G00","",""
"Fullerton Rangers White G01",1564,14.92,13.4,51,"CAS","G01","CalSouth CSL Gold",""
"Seattle United Copa G01",1554,16.49,11.26,47,"WA","G01","RCL 1","NWCL"
"West Coast FC G01",1548,14.89,12,58,"CAS","G01","CalSouth DSL1",""
"Mustang Legends G01",1541,12.37,13.79,48,"CAN","G01","EGSL North",""
"Minnesota Thunder 02 Academy G01",1534,11.99,13.54,11,"MN","G01","",""
"Arizona Arsenal 02 Teal G01",1524,13.4,11.32,39,"AZ","G01","AZSL 1",""
"Rebels Soccer Club Gold Marquez G01",1523,13.57,11.1,56,"CAS","G01","Presidio SDDA 1",""
"Anaheim Surf White G01",1513,12.19,11.47,59,"CAS","G01","CalSouth DSL1",""
"Legends FC Orange County G01",1512,4.4,31.61,11,"CAS","G01","CalSouth CSL Gold",""
"Davis Legacy Red G01",1502,10.48,12.39,64,"CAN","G01","NorCal Premier",""
"Arsenal FC G01",1499,9.35,13.64,44,"CAS","G01","CalSouth DSL1",""
"MVLA Avalanche Blue G01",1495,15.39,8.03,34,"CAN","G01","EGSL North","CalNorth CRL"
"Real So Cal White G01",1492,11.83,10.22,51,"CAS","G01","CalSouth DSL1",""
"FC Elk Grove 02 Platinum 1 G01",1477,12.88,8.45,37,"CAN","G01","NorCal Premier",""
"PacNW Maroon G01",1476,14.24,7.61,47,"WA","G01","RCL 1",""
"Arizona Arsenal 03 Premier Teal G02",1466,5.48,18.52,8,"AZ","G02","",""
"Colorado Rush Rush G01",1466,15.61,6.49,39,"CO","G01","CO Super League",""
"Sting 02 Higginbotham G01",1464,3.63,27.47,10,"TX","G01","",""
"CDA Slammers Melendez G01",1463,9.91,10,49,"CAS","G01","CalSouth DSL1",""
"Heat FC 02 RM G01",1456,11.93,7.89,47,"NV","G01","SSGSL Platinum U14",""
"Arsenal FC Brown G02",1454,14.42,6.45,12,"CAS","G02","",""
"Celtic Storm 02 Premier G01",1452,12.25,7.48,47,"UT","G01","Utah Premier 1",""
"Hawaii Surf 02 White G01",1451,11.99,7.6,32,"HI","G01","Oahu League Premier",""
"USA Stars 02 A G01",1450,9.12,9.92,46,"CAN","G01","CalNorth CRL",""
"Carlsbad United FC Elite G01",1446,10.8,8.14,41,"CAS","G01","CalSouth CSL Gold",""
"Legends FC Gold G01",1440,9.8,8.59,42,"CAS","G01","CalSouth DSL1",""
"Scottsdale Soccer 02 Blackhawks Shank G01",1437,9.12,9.09,57,"AZ","G01","AZSL 1",""
"Leahi 02 Blue G01",1429,9.73,8.05,30,"HI","G01","Oahu League Premier",""
"La Roca FC Premier FD G01",1428,11.52,6.75,54,"UT","G01","Utah Premier 1",""
"CFC Red G01",1418,8.94,8.1,54,"OR","G01","Thorns Premier","NWCL"
"Honolulu SC 02 Bulls G01",1418,8,9.05,33,"HI","G01","Oahu League Premier",""
"Eagles SC White G01",1413,9.94,7.05,59,"CAS","G01","CalSouth CSL Gold",""
"Hawaii Rush 02 Rush G01",1409,9.78,6.97,39,"HI","G01","Oahu League Premier",""
"Colorado Storm 02 North Royal G01",1406,9.8,6.81,42,"CO","G01","CO Super League",""
"San Juan SC 02 Spirits Jr ECNL G01",1405,9.4,7.07,44,"CAN","G01","EGSL North",""
"So Cal Blues Kale G01",1404,7.15,9.22,54,"CAS","G01","CalSouth DSL1",""
"FRAM Soccer Club G01",1402,8.66,7.5,45,"CAS","G01","CalSouth CSL Gold",""
"De Anza Force Blue G01",1400,13.27,4.83,70,"CAN","G01","EGSL North","NorCal Premier"
"FC Portland pre-ECNL G01",1400,8.82,7.24,52,"OR","G01","OPL NPL","NWCL"
"Strikers FC pre-ECNL G01",1397,6.87,9.13,45,"CAS","G01","CalSouth DSL1",""
"Lake Forest SA Select G01",1397,8.15,7.67,8,"IL","G01","",""
"BYSC Corona United Blue G01",1396,9.2,6.76,37,"CAS","G01","CalSouth CSL Gold",""
"Hawaii Surf 03 White G02",1395,12.31,5.02,11,"HI","G02","",""
"Slammers FC pre-ECNL G01",1389,7.44,7.95,47,"CAS","G01","CalSouth DSL1",""
"Colorado Rush SPI Select G01",1386,8.62,6.73,8,"CO","G01","",""
"Downey FC City G01",1385,8.94,6.47,55,"CAS","G01","CalSouth CSL Gold",""
"Rio Rapids SC 02 Rio G01",1384,8.52,6.74,25,"NM","G01","Duke City League U14",""
"Beach FC Gold G01",1384,6.56,8.71,62,"CAS","G01","CalSouth DSL2",""
"Pride SC 02 Predators G01",1383,6.75,8.4,35,"CO","G01","CO Premier 1",""
"FC Golden State G01",1381,9.56,5.85,49,"CAS","G01","CalS CSL Silver Elite",""
"MFC Red Stars G01",1378,10.64,5.15,60,"CAN","G01","NorCal Premier","CalNorth CRL"
"Broomfield Blast 02 Red G01",1372,5.49,9.6,44,"CO","G01","CO Premier 2",""
"SC Del Sol 02 Lester G01",1370,7.38,7.06,39,"AZ","G01","AZSL 1",""
"ETFC Cypress Black G01",1367,7.85,6.5,50,"OR","G01","Thorns Premier","NWCL"
"Sereno SC 02 Chelsea G01",1366,8.22,6.16,46,"AZ","G01","AZSL 1",""
"San Diego SC Academy Navy G01",1364,7.12,7.02,50,"CAS","G01","CalSouth DSL1",""
"IE Surf Sandquist G01",1363,6.43,7.72,43,"CAS","G01","CalS CSL Silver Elite",""
"West Coast FC United Blue G01",1361,9.03,5.43,36,"CAS","G01","CalSouth DSL1",""
"Hawaii Surf 02 Blue G01",1351,7.52,6.08,14,"HI","G01","Oahu League Select 2",""
"Liverpool Premier Burton G01",1348,6.84,6.53,58,"CAS","G01","Presidio SDDA 1",""
"LA Premier FC G01",1346,7.24,6.08,56,"CAS","G01","CalS CSL Silver Elite",""
"MVLA Avalanche Black G01",1345,7.79,5.6,44,"CAN","G01","NorCal Premier",""
"FC Warriors Blue G01",1343,7.96,5.43,62,"NV","G01","NV Summit",""
"Pleasanton Rage Premier G01",1342,5.84,7.33,37,"CAN","G01","EGSL North",""
"Santa Monica United G01",1342,6.22,6.88,58,"CAS","G01","CalS CSL Silver",""
"Eastside FC Red G01",1341,7.28,5.86,43,"WA","G01","RCL 1","NWCL"
"Legends FC Black G01",1341,7.93,5.35,46,"CAS","G01","CalSouth DSL1",""
"Westside Breakers White G01",1336,7.04,5.84,40,"CAS","G01","CalSouth DSL1",""
"Colorado Storm 02 Copa G01",1335,5.67,7.19,42,"CO","G01","CO Super League",""
"Utah Soccer Alliance 02 Red G01",1329,7.94,4.94,60,"UT","G01","Utah Premier 1",""
"Albion SC White G01",1328,8.03,4.86,50,"CAS","G01","Presidio SDDA 1",""
"Arsenal FC San Diego Elite G01",1321,4.86,7.6,50,"CAS","G01","CalSouth DSL1",""
"SSC Shadow A G01",1321,7.9,4.68,35,"WA","G01","RCL 2",""
"Irvine Slammers Woodcock - FC Blades G01",1320,6.17,5.95,55,"CAS","G01","CalSouth DSL1",""
"Ka Oi Quest G00",1312,7.58,4.58,18,"HI","G00","",""
"EBU Bay Oaks Gold Bombers G01",1312,4.66,7.45,51,"CAN","G01","NorCal Premier",""
"Juventus SC Regazze G01",1311,6.79,5.08,41,"CAN","G01","CalNorth CRL",""
"WUSC Levante White G01",1309,4.84,7.04,39,"OR","G01","OPL NPL",""
"Legends FC White G01",1309,6.07,5.59,62,"CAS","G01","CalSouth DSL2",""
"Real Colorado Edge 02 Select G01",1306,8.37,3.98,43,"CO","G01","CO Premier 1",""
"FC Nova Pink G01",1306,5.7,5.84,39,"ID","G01","IYSA D3-A","NWCL"
"Real Colorado Olympico G01",1303,5.78,5.66,25,"CO","G01","CO Premier 1",""
"WA Rush Rush G01",1302,5.11,6.36,50,"WA","G01","RCL 1","NWCL"
"LV Premier Soccer Academy 02 Black G01",1298,6.26,5.05,53,"NV","G01","NV Summit","SSGSL Platinum"
"Arsenal Colorado Gold G01",1298,5.92,5.33,34,"CO","G01","CO Super League",""
"Sacramento United Extreme Red G01",1297,5.18,6.05,43,"CAN","G01","NorCal Premier",""
"La Roca FC South Premier EG G01",1297,6.18,5.05,46,"UT","G01","Utah Premier 1",""
"Santa Rosa United Earthquakes G01",1295,6.8,4.56,47,"CAN","G01","EGSL North",""
"West Coast FC United G01",1291,8.13,3.69,37,"CAS","G01","CalSouth DSL1",""
"Claremont Stars G01",1288,5.71,5.15,36,"CAS","G01","CalSouth CSL Gold",""
"FC Boulder Elite G01",1287,6.78,4.31,36,"CO","G01","CO Super League",""
"Arsenal FC South G01",1285,5.92,4.89,49,"CAS","G01","CalSouth DSL1",""
"FC Deportivo Norwalk United G01",1282,4.96,5.71,50,"CAS","G01","CalS CSL Silver Elite",""
"Simi Valley Eclipse G01",1278,4.83,5.69,41,"CAS","G01","CalSouth CSL Gold",""
"Santa Clara Sporting Green G01",1276,7.04,3.85,65,"CAN","G01","NorCal Premier","CalNorth CRL"
"Santa Clara Sporting Green G02",1275,5.2,5.16,11,"CAN","G02","CalNorth CCSL Gold",""
"Beach FC Redondo G01",1268,6.2,4.13,41,"CAS","G01","CalSouth DSL2",""
"Placer United 02 Gold G01",1267,4.82,5.29,41,"CAN","G01","NorCal Premier",""
"Snohomish Black G01",1267,5.98,4.26,47,"WA","G01","RCL 2","NWCL"
"Elite FC 02 Phasers G01",1264,7.88,3.17,23,"NM","G01","Duke City League U14",""
"San Mateo County Star Gold SBL G01",1262,7.19,3.42,48,"CAN","G01","NorCal Premier",""
"Crossfire Alaska 02 G01",1262,5.52,4.45,26,"AK","G01","",""
"Union FC Black G01",1260,5.07,4.79,34,"UT","G01","Utah Premier 1",""
"Arsenal FC EGSL Duncan G01",1260,5.05,4.79,51,"CAS","G01","CalSouth CSL Gold",""
"Santa Rosa United Thunder G02",1258,4.98,4.81,13,"CAN","G02","",""
"Coastal FC 2002G",1256,5.91,4,26,"BC","2002G","BCSPL",""
"Eastside Timbers Celta Vigo G01",1256,6.2,3.81,57,"OR","G01","Thorns Premier",""
"Colorado Storm 02 Select G01",1254,5.98,3.88,35,"CO","G01","CO Premier 1",""
"Matrix FC Elite Aviles G01",1254,6.75,3.44,57,"CAS","G01","Presidio SDDA 2",""
"Coronado YSL Select G01",1254,4.88,4.76,39,"CAS","G01","Presidio SDDA 1",""
"Pateadores IER -Los Gauchos SC G01",1251,5.01,4.54,55,"CAS","G01","CalSouth DSL2",""
"High Desert Premier Real Madrid G01",1247,7.78,2.85,30,"CAS","G01","CalS CSL Silver Elite",""
"San Diego Surf SC Academy Wood G01",1247,4.17,5.32,58,"CAS","G01","CalSouth DSL1",""
"Omaha FC Elite G01",1245,4.5,4.87,9,"NE","G01","",""
"Sherman Oaks Extreme G01",1245,5.29,4.14,41,"CAS","G01","CalSouth DSL2",""
"Utah Avalanche 02 Black North G01",1244,6.7,3.24,40,"UT","G01","Utah Premier 1",""
"Albion SC OC G01",1243,6.17,3.5,44,"CAS","G01","CalS CSL Silver Elite",""
"Hotspurs Academy G01",1243,4.97,4.33,41,"CAS","G01","Presidio SDDA 1",""
"Encinitas Express Soccer White G01",1243,5.62,3.83,43,"CAS","G01","Presidio SDDA 1",""
"Castro Valley United Green G01",1242,5.12,4.17,48,"CAN","G01","NorCal Premier",""
"Pateadores HB Cantu G01",1238,4.23,4.94,47,"CAS","G01","CalSouth DSL2",""
"THUSC Element G01",1238,4.43,4.71,55,"OR","G01","OPL NPL","NWCL"
"BYSC Corona United White G01",1237,5.06,4.1,44,"CAS","G01","CalS CSL Silver",""
"South Slammers Vaught G01",1237,4.73,4.36,62,"CAS","G01","CalSouth DSL1",""
"Carlsbad United FC Premier 1 G01",1236,4.89,4.2,55,"CAS","G01","Presidio SDDA 1",""
"Santa Barbara SC White G01",1235,5.64,3.62,42,"CAS","G01","CalS CSL Silver Elite",""
"Crossfire Alaska 02 North G01",1235,4.91,4.17,12,"AK","G01","UAYSL",""
"ACC Mavericks Dynamite G01",1235,4.73,4.32,44,"CAN","G01","NorCal Premier",""
"Coastal FC 2001G",1234,3.37,6.02,25,"BC","2001G","BCSPL",""
"California Football Academy San CLemente G01",1233,5.16,3.91,36,"CAS","G01","CalS CSL Silver",""
"Strikers FC OC Black G01",1227,5.21,3.71,38,"CAS","G01","CalSouth DSL1",""
"California Cougars G01",1227,4.41,4.37,55,"CAN","G01","NorCal Premier",""
"Arizona Hammers 02 Leon G01",1225,5.53,3.43,40,"AZ","G01","AZSL 2",""
"IE Surf Graff G01",1223,3.84,4.88,44,"CAS","G01","CalS CSL Silver Elite",""
"Real SoCal SCV G01",1218,4.25,4.25,55,"CAS","G01","CalSouth DSL2",""
"Galaxy Blues 02 G01",1218,5.21,3.47,53,"CAN","G01","NorCal Premier",""
"Washington Timbers Red G01",1216,4.74,3.78,55,"WA","G01","Thorns Premier","NWCL"
"Fullerton Rangers Blue G01",1215,5.25,3.38,46,"CAS","G01","CalS CSL Silver Elite",""
"Utah Storm G01",1214,5.1,3.45,35,"UT","G01","Utah D1",""
"Del Mar Carmel Valley Sharks White G01",1213,5.03,3.48,37,"CAS","G01","Presidio SDDA 2",""
"Walnut Creek Infinity G01",1210,4.14,4.16,53,"CAN","G01","NorCal Premier",""
"Celtic Academy G01",1210,4.73,3.64,22,"CAS","G01","CalSouth CSL Gold",""
"LV Premier Soccer Academy 02 Red G01",1210,3.89,4.41,54,"NV","G01","SSGSL Platinum",""
"WPFC Black G01",1210,5.5,3.11,47,"WA","G01","RCL 2",""
"Ventura County Fusion G02",1209,5.44,3.13,8,"CAS","G01","",""
"Legends FC Riverside G01",1208,2.91,5.83,53,"CAS","G01","CalSouth DSL2",""
"Cook Inlet Velocity 02 Blue G01",1207,3.26,5.14,48,"AK","G01","UAYSL",""
"United FC Black G01",1207,4.38,3.83,53,"CAS","G01","CalSouth DSL2",""
"Anaheim Surf Blue G01",1206,4.84,3.46,37,"CAS","G01","CalSouth DSL1",""
"SF Vikings Ravens Red G01",1206,4.2,3.96,41,"CAN","G01","NorCal Premier",""
"Cal Odyssey SC Red G01",1205,3.52,4.71,46,"CAN","G01","NorCal Premier",""
"Shockers 03GEX G02",1202,3.57,4.55,11,"HI","G02","Oahu League Select 2",""
"CDA Slammers Whittier Black G01",1202,3.93,4.12,44,"CAS","G01","CalSouth DSL2",""
"Pacific SC San Clemente Fire G01",1201,5.09,3.17,43,"CAS","G01","CalS CSL Silver",""
"RV Slammers Orange G01",1200,2.88,5.57,40,"WA","G01","RCL 1",""
"Mustang Freedom G01",1200,3.09,5.17,44,"CAN","G01","NorCal Premier",""
"FC Alliance A G01",1198,2.81,5.63,49,"WA","G01","RCL 2",""
"Laguna United FC Blue G01",1198,5.74,2.74,48,"CAS","G01","CalSouth DSL2",""
"Forza FC 02 SOUTH ML I G01",1196,4.74,3.28,46,"UT","G01","Utah D1",""
"Colorado Rapids Youth 02 Academy G01",1196,4.01,3.87,32,"CO","G01","CO Premier 1",""
"Idaho Rush Premier G00",1195,6.49,2.38,8,"ID","G00","",""
"Real So Cal Blue G01",1195,4.13,3.73,41,"CAS","G01","CalSouth DSL2",""
"Santa Cruz Breakers G01",1194,3.97,3.87,40,"CAN","G01","NorCal Premier",""
"Diablo FC G01",1192,3.75,4.04,55,"CAN","G01","NorCal Premier",""
"Slammers FC Maroon G01",1192,3.92,3.85,33,"CAS","G01","CalSouth DSL2",""
"USAac 02G G01",1191,4.1,3.68,19,"HI","G01","Oahu League Premier",""
"Scottsdale Soccer 02 Blackhawks Jeffers G01",1191,3.38,4.45,42,"AZ","G01","AZSL 1",""
"Arizona SC 02 Thunder Johnson G01",1191,4.17,3.61,48,"AZ","G01","AZSL 2",""
"Union FC G01",1191,3.77,3.99,45,"CAN","G01","NorCal Gold",""
"San Luis Obispo Storm G01",1189,4.39,3.38,43,"CAS","G01","CalS CSL Bronze",""
"Coachella Valley Soccer Strikers G01",1189,3.34,4.43,30,"CAS","G01","CalS CSL Bronze",""
"Beach FC Black Soler G01",1187,5.21,2.81,58,"CAS","G01","CalSouth DSL2",""
"Livermore Fusion SC Maroon G01",1187,4.14,3.52,40,"CAN","G01","NorCal Premier",""
"Crossfire Premier B Rowe G01",1187,4.2,3.47,44,"WA","G01","RCL 2",""
"LA Galaxy South Bay White G01",1184,3.92,3.66,46,"CAS","G01","CalSouth DSL2",""
"Ethos FC Saints 02G Blue G01",1184,3.46,4.14,47,"CAN","G01","NorCal Gold",""
"Arsenal FC 2 G01",1184,6.29,2.27,42,"CAS","G01","CalSouth DSL2",""
"Utah Avalanche 02 Pre-ECNL G01",1181,5.06,2.78,34,"UT","G01","Utah Premier 2",""
"Cerritos United SC G01",1180,3.84,3.63,53,"CAS","G01","CalS CSL Silver Elite",""
"South Valley SC Thunder G01",1180,4.14,3.36,32,"CAS","G01","CalS CSL Silver Elite",""
"Hawaii Rush 02 Nero G01",1179,5.21,2.66,31,"HI","G01","Oahu League Select 1",""
"Arizona Arsenal 02 Black G01",1179,3.01,4.6,46,"AZ","G01","AZOL 1",""
"UIFC Venom G01",1177,3.58,3.8,35,"CAS","G01","CalS CSL Silver",""
"Pelada FA Irish United G01",1176,4.21,3.21,42,"OR","G01","Thorns Championship",""
"MVLA Avalanche White G01",1175,3.38,3.98,51,"CAN","G01","NorCal Gold",""
"Bend FC Timbers Red G01",1174,3.79,3.52,34,"OR","G01","Thorns Premier",""
"Kitsap Alliance FC A G01",1172,2.7,4.87,42,"WA","G01","RCL 3",""
"FC Valencia G01",1171,3.85,3.41,27,"CAS","G01","CalSouth DSL3",""
"Clovis Crossfire 02 Blue G01",1171,3.94,3.32,49,"CAN","G01","NorCal Premier",""
"Sereno South SC 02 Chelsea G01",1170,2.91,4.45,43,"AZ","G01","AZOL 2",""
"Arsenal FC Los Angeles EGSL G01",1168,3.98,3.21,45,"CAS","G01","CalSouth DSL1",""
"CDA Slammers Aviles G01",1166,3.65,3.46,39,"CAS","G01","CalSouth DSL2",""
"Colorado United White G01",1165,3.05,4.1,36,"CO","G01","CO Premier 2",""
"Pacific SC Yorba Linda G01",1165,7.02,1.78,12,"CAS","G01","",""
"Sparta United 02 Premier DM G01",1164,4.16,2.99,37,"UT","G01","Utah Premier 2",""
"San Diego Fusion Gold G01",1164,2.8,4.45,40,"CAS","G01","Presidio AA-A",""
"Rebels Soccer Club Blue Hernandez G01",1162,3.59,3.41,52,"CAS","G01","Presidio SDDA 2",""
"Del Mar Carmel Valley Sharks Blue G01",1161,3.72,3.29,44,"CAS","G01","Presidio AA-A",""
"Seattle United Tango G01",1160,3.25,3.73,39,"WA","G01","RCL 3",""
"Celtic Storm 02 Green G01",1158,3.55,3.38,43,"UT","G01","Utah D1",""
"Washington East Robles G01",1158,4.55,2.62,28,"WA","G01","PSPL Premier",""
"AYSO Saugus United G01",1157,4.67,2.55,27,"CAS","G01","CalS CSL Bronze",""
"American River FC 02 Freedom G01",1156,3.49,3.37,48,"CAN","G01","NorCal Gold",""
"UC Premier Warriors G01",1155,4.05,2.89,54,"CAN","G01","NorCal Premier",""
"Honolulu SC Bulls West 02G G01",1154,2.49,4.67,13,"HI","G01","Oahu League Select 1",""
"Firebirds FC Black Diamond Rennie G01",1153,3.98,2.9,39,"UT","G01","Utah Premier 2",""
"RVSC Timbers Red G01",1151,4.43,2.57,37,"OR","G01","Thorns Premier",""
"FC Warriors Red G01",1150,4.27,2.64,58,"NV","G01","NV Summit","SSGSL Classic"
"Whatcom FC Rangers Gold G01",1148,4.1,2.73,36,"WA","G01","RCL 2",""
"Sagebrush SC Lady Nomads G01",1148,4.06,2.75,56,"NV","G01","GBYSL",""
"Pride SC 02 Copa G01",1146,2.98,3.69,35,"CO","G01","CO Premier 2",""
"Real Colorado Red G01",1145,2.97,3.69,33,"CO","G01","CO Premier 2",""
"San Ramon 02 Azuri G01",1145,5.75,1.9,39,"CAN","G01","NorCal Gold",""
"Colorado Storm 02 South Royal G01",1144,4.05,2.68,37,"CO","G01","CO Premier 1",""
"Sand and Surf Black G01",1144,4.63,2.34,26,"CAS","G01","CalSouth DSL2",""
"Wasatch SC Elite JC G01",1141,3.89,2.73,36,"UT","G01","Utah Premier 2",""
"Valencia United Challenge G01",1141,3.01,3.52,43,"CAS","G01","CalS CSL Bronze",""
"Beach FC White Soler G01",1140,2.97,3.55,51,"CAS","G01","CalSouth DSL2",""
"Rocklin YSC Heat FC G01",1139,3.73,2.82,54,"CAN","G01","NorCal Gold",""
"Idaho Rush Premier G01",1139,2.99,3.5,44,"ID","G01","IYSA D3-A","NWCL"
"Woodland Fire G01",1139,4.21,2.48,47,"CAN","G01","NorCal Gold",""
"CVSC Rebels G01",1138,3.29,3.17,40,"CAS","G01","CalS CSL Silver",""
"Anthem SC 02 Strikers G01",1138,4.07,2.56,45,"AZ","G01","AZOL 2",""
"Escondido FC Heat Black G01",1137,4.8,2.16,32,"CAS","G01","Presidio AA-B",""
"West Coast SC FURY G01",1137,4.66,2.22,10,"CAN","G02","",""
"FC Golden State Black G01",1134,2.99,3.38,42,"CAS","G01","CalS CSL Silver",""
"Crossfire Alaska 02 South G01",1133,3.32,3.03,12,"AK","G01","UAYSL",""
"Impact United Black WV G01",1133,4.76,2.11,43,"UT","G01","Utah D1",""
"Surrey United 2002G",1130,4.06,2.43,23,"BC","2002G","BCSPL",""
"CVSC Rampage G01",1130,4.26,2.32,37,"CAS","G01","CalS CSL Silver",""
"CDA Slammers HB Wilson G01",1129,4.19,2.33,33,"CAS","G01","CalSouth DSL2",""
"FC Elk Grove 02 Platinum 2 G01",1129,3.06,3.19,51,"CAN","G01","NorCal Gold",""
"Rebels Soccer Club White Morales G01",1124,2.91,3.24,33,"CAS","G01","Presidio AA-A",""
"ASE Emerald G01",1124,4.79,1.97,41,"WA","G01","PSPL Premier","NWCL"
"Boise National Sao Paulo G00",1124,4.13,2.28,9,"ID","G00","",""
"Players SC 02 Elite AP G01",1122,3.73,2.5,55,"NV","G01","NV Summit",""
"FC Long Beach G01",1122,3.09,3.02,61,"CAS","G01","CalS CSL Silver",""
"Carlsbad United FC Gold G02",1122,3.28,2.84,8,"CAS","G02","",""
"Pateadores Irvine G01",1120,3.55,2.59,33,"CAS","G01","CalSouth DSL1",""
"California Elite SC G01",1118,3.64,2.49,38,"CAS","G01","CalS CSL Bronze",""
"Harbor Premier Green G01",1117,2.86,3.16,44,"WA","G01","RCL 1","NWCL"
"Cook Inlet Velocity 02 White G01",1117,4.16,2.16,18,"AK","G01","UAYSL",""
"Leahi 02 Maile G01",1117,3.71,2.42,14,"HI","G01","Oahu League Select 2",""
"RVSC Timbers White G00",1117,2.98,3.01,10,"OR","G00","SOCL",""
"Poway Vaqueros Green G01",1116,3.99,2.25,27,"CAS","G01","Presidio SDDA 2",""
"Fusion FC Academy 2001G",1116,4.03,2.21,27,"BC","2001G","BCSPL",""
"Total Futbol Academy 03 NorCal G02",1116,3.64,2.45,8,"NV","G02","GBYSL",""
"Tanque Verde SC 02 Blue G01",1115,2.87,3.09,41,"AZ","G01","AZSL 2",""
"High Desert Premier Real Madrid Blue G01",1115,4.05,2.19,17,"CAS","G01","CalS CSL Silver",""
"PAC San Jose Dynamo G01",1114,3.45,2.56,46,"CAN","G01","NorCal Gold",""
"San Juan SC 02 Spirits White G01",1113,2.97,2.94,27,"CAN","G01","NorCal Gold",""
"Thompson Okanagan FC 2001G",1112,3.61,2.41,23,"BC","2001G","BCSPL",""
"Pleasanton Rage Orange G01",1111,2.82,3.07,36,"CAN","G01","NorCal Gold",""
"FRAM Soccer Club Salem G01",1111,3.64,2.37,39,"CAS","G01","CalS CSL Silver",""
"Ajax United 02 Elite G01",1111,4.09,2.11,32,"CAN","G01","NorCal Premier",""
"Scottsdale 02 Blackhawks Prescott Magnett G01",1111,3.13,2.75,26,"AZ","G01","AZOL 1",""
"Coquitlam Metro Ford 2001G",1109,4.63,1.84,23,"BC","2001G","BCSPL",""
"Roseville YSC Top Notch G01",1108,3.12,2.72,43,"CAN","G01","NorCal Gold",""
"SF United Malvinas G01",1108,1.84,4.59,31,"CAN","G01","CalNorth CCSL Bronze",""
"Trebol White United G01",1105,3.06,2.71,43,"CO","G01","CO Premier 2",""
"Three Rivers SC Black G01",1104,3.68,2.23,41,"WA","G01","RCL 3",""
"San Mateo County Star Gold BSC G01",1103,3.51,2.33,44,"CAN","G01","NorCal Gold",""
"San Diego Football Academy G01",1103,2.85,2.87,37,"CAS","G01","Presidio AA-A",""
"Canyon FC Blue G01",1102,2.76,2.95,70,"CAS","G01","CalS CSL Bronze",""
"UIFC Pride Soccer Academy G01",1102,3.16,2.56,45,"CAS","G01","CalS CSL Bronze",""
"Colorado Rush Nero G01",1101,3.51,2.3,35,"CO","G01","CO Premier 2",""
"UIFC Fierce G01",1100,3.73,2.15,48,"CAS","G01","CalS CSL Silver",""
"Arsenal SC AP G01",1099,2.69,2.96,32,"UT","G01","Utah D1",""
"Cal Odyssey South Earthquakes Black G01",1099,3.79,2.1,29,"CAN","G01","NorCal Premier",""
"South Slammers Black G01",1098,3.16,2.49,43,"CAS","G01","CalSouth DSL2",""
"California Magic G01",1098,4.27,1.85,33,"CAN","G01","CalNorth CCSL Gold",""
"Colorado Storm 02 Castle Rock Royal G01",1098,4.04,1.95,42,"CO","G01","CO Premier 2",""
"Forza FC 02 NPL KH G01",1097,2.97,2.64,34,"UT","G01","Utah Premier 2",""
"Aztecs FC G01",1097,2.43,3.23,21,"CAS","G01","Presidio AA-B",""
"Hawaii Rush 02G Windward G01",1097,2.85,2.75,33,"HI","G01","Oahu League Select 1",""
"Pateadores Irvine White G01",1097,3.23,2.42,30,"CAS","G01","CalSouth DSL2",""
"Antelope Valley FC Barcelona G01",1095,3.64,2.12,37,"CAS","G01","CalS CSL Bronze",""
"Rio Rapids SC 02 Regulators G01",1095,3.56,2.17,39,"NM","G01","Duke City League 1",""
"Classic FC 02 Samba G01",1094,3.4,2.26,37,"NM","G01","Duke City League 1",""
"Arsenal FC White G01",1093,2.78,2.74,28,"CAS","G01","CalSouth DSL3",""
"Central CA Soccer Alliance Black G01",1091,2.72,2.77,45,"CAN","G01","NorCal Premier",""
"Fram Soccer Club White G01",1091,3.81,1.97,34,"CAS","G01","CalS CSL Silver",""
"San Diego SC Elite Orange G01",1090,3.97,1.88,38,"CAS","G01","Presidio SDDA 2",""
"CCV Stars Black G02",1090,3.16,2.37,43,"AZ","G01","AZSL 2",""
"Juventus SC Magia G01",1087,2.42,3.02,34,"CAN","G01","CalNorth CCSL Gold",""
"Madrid North G01",1086,2.88,2.52,38,"CAS","G01","CalS CSL Bronze",""
"Surrey United 2001G",1085,2.92,2.47,26,"BC","2001G","BCSPL",""
"Abunai Soccer Academy 02 G01",1085,1.73,4.15,18,"HI","G01","",""
"Visalia Galaxy Outlaws G01",1083,2.82,2.52,17,"CAN","G01","",""
"Lamorinda United SC Navy G01",1082,3.94,1.79,46,"CAN","G01","NorCal Gold",""
"Cypress FC Premier Black G01",1080,3.06,2.27,50,"CAS","G01","CalSouth DSL2",""
"Central Washington Washburn G01",1079,3.28,2.1,43,"WA","G01","PSPL Premier",""
"Pueblo Rangers 02 Rebels G01",1078,3.6,1.9,29,"CO","G01","CO Premier 2",""
"Strikers FC OC White G02",1078,2.36,2.9,37,"CAS","G02","",""
"Turlock FC United G01",1077,3.01,2.28,30,"CAN","G01","NorCal Silver",""
"Impact G01",1077,2.61,2.62,40,"CAN","G01","NorCal Gold",""
"Fusion FC 2002G",1077,3.24,2.1,29,"BC","2002G","BCSPL",""
"Murrieta Surf White G01",1077,2.92,2.33,34,"CAS","G01","CalSouth DSL2",""
"NWN Red G01",1077,2.73,2.49,45,"WA","G01","RCL 2",""
"Utah Glory Black G01",1077,3,2.27,43,"UT","G01","Utah D2",""
"LA Galaxy South Bay Navy G01",1076,3.07,2.2,41,"CAS","G01","CalSouth DSL2",""
"Mill Valley 02 Rockers G01",1075,2.46,2.73,41,"CAN","G01","NorCal Gold",""
"FC Cal Velocity Black G01",1075,3.38,1.99,25,"CAS","G01","CalS CSL Silver",""
"Alaska Rush 02 G01",1074,2.32,2.89,28,"AK","G01","USYSL",""
"Westside Breakers Blue G01",1074,3.4,1.96,42,"CAS","G01","CalSouth DSL2",""
"ISC Gunners A G01",1072,3.15,2.1,42,"WA","G01","PSPL Premier",""
"PacNW Blue G01",1072,3.19,2.07,42,"WA","G01","RCL 2",""
"Riggers Lokahi 02G G01",1072,1.35,4.87,31,"HI","G01","Oahu League Premier",""
"Atletico Santa Rosa Milan G01",1071,2.99,2.19,49,"CAN","G01","NorCal Gold",""
"Crown City United G01",1071,3.21,2.04,32,"CAS","G01","CalS CSL Silver",""
"West Valley United Red G01",1071,2.2,2.98,48,"CAN","G01","NorCal Premier",""
"Westminster AFC 02 Samba G01",1071,2.02,3.23,33,"CO","G01","CO Classic 1",""
"Ahwatukee Foothills SC 02 White G01",1070,2.51,2.6,38,"AZ","G01","AZSL 2",""
"Eagles SC Blue G01",1070,2.28,2.85,36,"CAS","G01","CalS CSL Silver",""
"Pateadores Kickers G01",1069,2.39,2.7,37,"CAS","G01","",""
"Foothill Storm G01",1069,3.49,1.85,34,"CAS","G01","CalS CSL Bronze",""
"Hawaii Rush 02 Azul G01",1068,2.94,2.18,28,"HI","G01","Oahu League Select 1",""
"Heritage SC Bolt G01",1068,4.06,1.58,50,"CAN","G01","NorCal Gold",""
"Rio Rapids SC 03 Extreme G02",1067,1.86,3.43,20,"NM","G02","Duke City League 1",""
"Albion SC Premier G01",1066,3.01,2.1,42,"CAS","G01","Presidio SDDA 2",""
"Heat FC 02 TD G01",1065,4.27,1.47,59,"NV","G01","SSGSL Classic",""
"Chula Vista Rangers SC Red G01",1065,4.13,1.52,39,"CAS","G01","Presidio AA-A",""
"MVP Marauders Navy G01",1064,2.75,2.27,37,"WA","G01","PSPL Premier",""
"Rio Rapids SC Barcelona G01",1064,3.02,2.07,36,"NM","G01","Duke City League 1",""
"Strikers FC MV Ladera Ranch DS G01",1064,2.98,2.09,34,"CAS","G01","CalSouth DSL2",""
"Crossfire SelectWilkinson G01",1062,2.84,2.18,32,"WA","G01","NPSL 1",""
"Rialto Fire G01",1060,3,2.02,27,"CAS","G01","CalS CSL Silver",""
"Temecula United Tomison G01",1060,3.48,1.74,43,"CAS","G01","Presidio AA-B",""
"FC Man United G01",1060,3.04,1.99,28,"CAS","G01","CalS CSL Silver",""
"San Diego Surf SC Academy Velloso G01",1058,2.72,2.21,51,"CAS","G01","CalSouth DSL2",""
"Seattle United Nova G01",1058,3.08,1.94,13,"WA","G01","RCL 4",""
"Lake Oswego SC Storm G01",1058,2.85,2.09,55,"OR","G01","OPL NPL",""
"Elite Soccer Xtreme G01",1058,3.22,1.85,39,"CAN","G01","NorCal Gold",""
"Baldwin Park United G01",1057,3.23,1.84,36,"CAS","G01","CalS CSL Bronze",""
"USA Stars 03 A G02",1057,2.64,2.25,14,"CAN","G02","CalNorth CCSL Silver Elite",""
"Coquitlam Metro Ford 2002G",1055,2.58,2.27,20,"BC","2002G","BCSPL",""
"Temecula United G01",1055,3.25,1.8,39,"CAS","G01","Presidio AA-A",""
"LA Premier FC Santa Clarita G01",1054,2.44,2.39,23,"CAS","G01","CalS CSL Silver Elite",""
"Greater Long Beach SC Supreme G01",1054,2.97,1.95,40,"CAS","G01","CalS CSL Silver",""
"Mountain United FC 2002G",1053,2.94,1.97,25,"BC","2002G","BCSPL",""
"Pateadores Irvine Blue G01",1053,2.71,2.13,37,"CAS","G01","CalSouth DSL3",""
"Inter Rage Academy of Soccer Magic G01",1052,2.8,2.05,36,"CAN","G01","NorCal Premier",""
"Scottsdale Soccer 02 Blackhawks Amuso G01",1051,2.53,2.25,49,"AZ","G01","AZOL 1",""
"FC Spokane Black Stretch G01",1051,3.62,1.57,30,"WA","G01","PSPL Premier",""
"Las Vegas 02 Neon Blue G01",1050,2.99,1.89,53,"NV","G01","NV Summit","SSGSL Platinum"
"De Anza Force Black G01",1049,2.87,1.96,35,"CAN","G01","NorCal Gold",""
"Downtown Las Vegas SC Rapids G00",1047,1.86,2.99,8,"NV","G00","",""
"HG Eagles G01",1047,2.32,2.38,24,"CAS","G01","CalS CSL Silver Elite",""
"Real Henderson Green G01",1046,2.68,2.05,36,"NV","G01","NV Summit",""
"Simi Valley Eclipse White G01",1046,2.5,2.2,42,"CAS","G01","CalS CSL Bronze",""
"Pacific SC Blue Lagunas G01",1045,2.45,2.24,27,"CAS","G01","CalS CSL Silver",""
"FC Elk Grove Sporting G01",1045,1.65,3.31,43,"CAN","G01","CalNorth CCSL Silver Elite",""
"GSC Gryphons Red G01",1045,2.86,1.91,23,"CAN","G01","NorCal Gold",""
"FC Portland Navy G00",1044,2.98,1.82,8,"OR","G00","",""
"Vista Storm G01",1043,2.7,2,46,"CAS","G01","Presidio AA-B",""
"La Roca FC Select KP G01",1040,2.28,2.32,43,"UT","G01","Utah D1",""
"Greater Long Beach SC Tidal Waves G01",1040,2.9,1.82,40,"CAS","G01","CalS CSL Silver",""
"Union FC White G01",1040,2.82,1.87,41,"UT","G01","Utah D1",""
"North Coast FC Petaluma Blue G01",1039,2.63,2,49,"CAN","G01","NorCal Gold",""
"Spanish Springs 02 Lady Jaguars G01",1038,3,1.74,32,"NV","G01","GBYSL",""
"LA Premier FC AV G01",1038,2.57,2.02,35,"CAS","G01","CalS CSL Bronze",""
"San Diego United FC Black G01",1038,2.91,1.78,32,"CAS","G01","Presidio SDDA 2",""
"CDA Slammers Crowley G01",1037,1.86,2.77,28,"CAS","G01","CalSouth DSL2",""
"Newbury Park Panthers G01",1036,3.36,1.53,36,"CAS","G01","CalS CSL Silver",""
"Westside Breakers Navy G01",1035,2.97,1.72,28,"CAS","G01","CalSouth DSL2",""
"Desert Elite FC Natives G01",1034,3.41,1.49,30,"CAS","G01","CalS CSL Bronze",""
"FC Portland Navy G01",1033,1.96,2.56,41,"OR","G01","OPL NPL",""
"West Sacramento Lightning Chix G01",1033,2.12,2.37,34,"CAN","G01","CalNorth CCSL Copper",""
"San Tan SC 02 Legacy Red G01",1033,2.36,2.13,40,"AZ","G01","AZSL 1",""
"Liverpool Premier Kealaluhi G02",1031,3.48,1.43,8,"CAS","G02","",""
"Folsom Lightning G01",1030,2.39,2.07,48,"CAN","G01","NorCal Gold",""
"United Premier FC G2002 White",1030,3.44,1.43,16,"CAS","G01","Presidio AA-C",""
"California Rush Nero G01",1029,2.16,2.27,33,"CAS","G01","CalSouth DSL3",""
"Mountain United FC 2001G",1028,2.23,2.17,22,"BC","2001G","BCSPL",""
"Coachella Valley Soccer Legacy G01",1027,1.97,2.46,24,"CAS","G01","CalS CSL Bronze",""
"Yucaipa Athletic SC Spartans G01",1027,3.26,1.48,28,"CAS","G01","CalS CSL Bronze",""
"Moorpark SC Express G01",1026,2.03,2.37,27,"CAS","G01","CalS CSL Bronze",""
"Peninsula Odyssey Blue G01",1026,2.39,2,41,"CAN","G01","NorCal Gold",""
"Central Santa Clara Valley Pride Red G01",1026,2.84,1.68,38,"CAN","G01","NorCal Premier",""
"FC Salmon Creek Blue G00",1024,2.41,1.96,8,"WA","G00","",""
"WUSC Levante Navy G01",1024,2.2,2.15,42,"OR","G01","OPL Premier",""
"West Coast SA East Valley Lions G01",1022,3.51,1.32,33,"CAS","G01","CalS CSL Silver",""
"Santa Clarita Valley Green G01",1021,2.38,1.95,35,"CAS","G01","CalSouth DSL3",""
"Vegas United 02 Black G01",1021,2.12,2.19,30,"NV","G01","NV Summit",""
"Fraser Valley FC 2001G",1021,2.93,1.58,24,"BC","2001G","BCSPL",""
"Orchard Valley Crush Black G01",1021,2.98,1.55,49,"CAN","G01","NorCal Gold",""
"Hotspurs Academy II G01",1019,1.82,2.51,43,"CAS","G01","Presidio SDDA 2",""
"Utah FC 02 Black Smith G01",1019,2.41,1.89,16,"UT","G01","Utah D2",""
"Arizona Estudantez North G01",1019,3.37,1.35,26,"AZ","G01","",""
"Kent United Green G01",1017,2.32,1.94,37,"WA","G01","NPSL 1",""
"Hazen Premier G01",1016,3.24,1.38,24,"CAS","G01","",""
"Corinithians SC G01",1015,3.12,1.42,12,"CAS","G01","",""
"Crossfire Select Granston G01",1015,1.93,2.3,36,"WA","G01","NPSL 1",""
"Cheyenne Sting Gold G01",1014,2.15,2.04,35,"WY","G01","CO Classic 2",""
"Empire SC G01",1013,2.15,2.04,24,"CAS","G01","CalS CSL Bronze",""
"Edge Soccer Thunder G01",1013,2.08,2.11,12,"MT","G01","",""
"Thompson Okanagan FC 2002G",1013,2.72,1.61,22,"BC","2002G","BCSPL",""
"Encinitas Express Soccer Gold G01",1013,2.54,1.72,44,"CAS","G01","Presidio AA-A",""
"San Diego Crusaders SC Red G01",1013,2.55,1.71,42,"CAS","G01","Presidio SDDA 2",""
"Legends FC Black South G01",1013,2.35,1.86,32,"CAS","G01","CalSouth DSL3",""
"Pacific SC Huntington Beach G01",1012,3.36,1.29,36,"CAS","G01","CalS CSL Bronze",""
"Washington Timbers Green G01",1011,2.01,2.15,43,"WA","G01","Thorns Championship",""
"Legacy FC G01",1011,2.46,1.76,42,"CAS","G01","CalS CSL Silver",""
"Barcelona Bay Area 02G Academy G01",1011,1.8,2.39,25,"CAN","G01","",""
"LA Galaxy Bakersfield G01",1010,2.86,1.5,29,"CAS","G01","CalSouth DSL3",""
"Carlsbad United FC Premier 2 G01",1010,2.13,2.01,34,"CAS","G01","Presidio SDDA 2",""
"Eclipse SC 02 G01",1009,3.12,1.37,11,"AK","G01","",""
"FCA Strikers G01",1009,2.65,1.61,28,"CAN","G01","CalNorth CCSL Silver",""
"AYSO Matrix San Elijo G01",1009,2.32,1.83,37,"CAS","G01","Presidio AA-A",""
"Eastside FC White G01",1008,3.01,1.41,34,"WA","G01","RCL 3",""
"FC Boulder Premier G01",1008,1.92,2.2,32,"CO","G01","CO Classic 2",""
"FC St. George Blue G01",1007,2.45,1.72,20,"UT","G01","",""
"Real Colorado White G01",1006,3.27,1.28,29,"CO","G01","CO Premier 2",""
"Boca FC G01",1006,2.83,1.48,23,"UT","G01","Utah D2",""
"Colorado Hawks Boom G01",1005,2.3,1.8,41,"CO","G01","CO Classic 3",""
"Ventura County Fuison G01",1004,2.42,1.7,17,"CAS","G01","CalS CSL Silver Elite",""
"Tucson Soccer Academy 02 Red G01",1004,2.26,1.83,41,"AZ","G01","AZSL 2",""
"Evergreen United Earthquakes Blue G01",1004,3.08,1.33,20,"CAN","G01","NorCal Gold",""
"NSC Velocity G01",1004,1.95,2.11,28,"WA","G01","NPSL 1",""
"Desert Foothills SC 02 Elite Red G01",1002,1.68,2.41,40,"AZ","G01","AZOL 1",""
"EBU Bay Oaks Blue Bombers G01",1001,2.4,1.68,40,"CAN","G01","NorCal Gold",""
"HSC Tiki Taka G01",1001,2.48,1.62,38,"OR","G01","Thorns Championship",""
"Boise Nationals SC Thorns G01",1001,2.96,1.36,34,"ID","G01","IYSA D3-A",""
"Pilchuck SA Force Black G01",1000,3.04,1.32,23,"WA","G01","NPSL 1",""
"Gilbert YSA Rebels G01",1000,1.67,2.4,36,"AZ","G01","AZOL 3",""
"WA Rush Nero G01",1000,1.84,2.17,41,"WA","G01","RCL 3",""
"PS Slammers Black G01",999,2.14,1.86,38,"WA","G01","PSPL Premier",""
"Fire FC Premier G01",999,2.13,1.86,33,"CO","G01","CO Classic 2",""
"Colorado Rush Azul G01",998,2.36,1.67,37,"CO","G01","CO Classic 1",""
"Chaos 02 G01",997,2.43,1.61,39,"UT","G01","Utah Premier 2",""
"San Mateo County Star Gold SM G01",997,3.12,1.25,17,"CAN","G01","",""
"Basin United Pride G02",995,2.08,1.86,10,"OR","G02","SOCL",""
"RSA Elite Heather G01",995,1.93,2,49,"WA","G01","PSPL Classic 1",""
"Central Marin 02 Black Magic G01",994,2.03,1.89,34,"CAN","G01","NorCal Gold",""
"Laguna Niguel YSA Lightning G01",994,1.58,2.44,17,"CAS","G01","CalSouth Signature",""
"LA Galaxy South Bay Green G01",994,1.81,2.11,28,"CAS","G01","CalSouth DSL3",""
"PFA Willamette Strikers G01",993,2.73,1.4,39,"OR","G01","Thorns Div 2",""
"FC Deportivo Hacienda Wolves G01",992,1.84,2.06,46,"CAS","G01","CalS CSL Bronze",""
"FC Nova Red G01",992,3.23,1.18,29,"ID","G01","IYSA D3-A",""
"Colorado United Blue G01",992,2.1,1.8,38,"CO","G01","CO Classic 1",""
"Southern Utah Real G01",991,2.36,1.59,23,"UT","G01","SUSC RCL",""
"St Vrain FC Green G01",991,1.76,2.13,30,"CO","G01","CO Classic 2",""
"Far West Soccer 02 Black G01",990,2.38,1.57,38,"AZ","G01","AZOL 1",""
"Hemet Juventus G01",990,3.13,1.19,28,"CAS","G01","CalS CSL Bronze",""
"Harbor Premier White G01",990,1.99,1.87,42,"WA","G01","RCL 3",""
"Real Colorado Edge 02 United G01",989,2.68,1.38,24,"CO","G01","CO Classic 1",""
"Ajax Utah FC 02 Premier G01",988,2.78,1.32,39,"UT","G01","Utah D1",""
"Alpine Strikers AFC Red G01",986,3.06,1.19,28,"CAN","G01","NorCal Gold",""
"Pacifica United Strikers G01",985,1.97,1.84,31,"CAN","G01","CalNorth CRL",""
"Capital Valley United Crossfire 02 Red G01",985,1.86,1.94,47,"CAN","G01","NorCal Silver",""
"North Orange County FC White G01",985,2.21,1.62,33,"CAS","G01","CalS CSL Bronze",""
"WUSC Celtic White G00",984,1.38,2.6,8,"OR","G00","",""
"LA Premier FC Black G01",984,2.22,1.61,38,"CAS","G01","CalS CSL Silver",""
"Carlsbad United FC Gold G01",984,2.36,1.51,32,"CAS","G01","Presidio AA-B",""
"BSC Portland Legends G01",983,1.92,1.85,31,"OR","G01","Thorns Championship",""
"LV Premier Soccer Academy 03 Red G02",981,3,1.17,13,"NV","G02","SSGSL Platinum",""
"Tucson Aztecs G01",981,1.81,1.93,32,"AZ","G01","AZSL 2",""
"Emerald City FC Green G01",980,1.84,1.89,36,"WA","G01","PSPL Classic 2",""
"Intensity (NV) G01",980,2.21,1.57,45,"NV","G01","GBYSL",""
"Wildfire FC G01",979,2.56,1.36,36,"UT","G01","Utah D2",""
"Autobahn SC G01",979,2.09,1.65,30,"CAS","G01","CalS CSL Bronze",""
"Kamloops Blaze Blue 2001G",978,2.61,1.31,9,"BC","2002G","",""
"Merced United FC G01",977,2.42,1.4,27,"CAN","G01","NorCal Silver",""
"Lake Oswego Blue 1 G00",977,1.63,2.08,8,"OR","G00","",""
"Xplosion SC Whittier G01",976,2.38,1.42,25,"CAS","G01","CalS CSL Bronze",""
"Almaden FC Quicksilver Green G01",975,1.51,2.24,45,"CAN","G01","NorCal Gold",""
"Irvine Slammers White - FC Blades Red G01",975,1.98,1.7,40,"CAS","G01","CalSouth DSL2",""
"East Valley FC Black G01",974,1.91,1.75,53,"CAN","G01","NorCal Silver",""
"Clackamas Power Rays G01",974,1.97,1.69,51,"OR","G01","OPL Premier",""
"FC Sporting Pride G01",974,2.1,1.59,47,"CAN","G01","NorCal Gold",""
"Barcelona 02 NorCal G01",973,2.21,1.5,42,"NV","G01","GBYSL",""
"Athletico So Cal Orange G01",973,1.28,2.6,23,"CAS","G01","CalSouth DSL3",""
"Placer United 02 Black G01",972,2.08,1.59,27,"CAN","G01","NorCal Silver",""
"Palm Desert SC G01",971,1.85,1.77,29,"CAS","G01","CalS CSL Bronze",""
"SC Del Sol 02 Evans G01",970,1.15,2.82,23,"AZ","G01","AZSL 1",""
"Westside Timbers Copa G01",970,1.68,1.94,44,"OR","G01","Thorns Championship",""
"Forza FC 02 SOUTH ML II G01",970,1.48,2.19,37,"UT","G01","Utah D1",""
"CDA Sting Whitecaps G01",969,2.35,1.38,38,"ID","G01","PSPL Premier",""
"CVSC Galaxy G01",969,2.05,1.57,23,"CAS","G01","CalS CSL Bronze",""
"Santa Rosa United Waves G01",968,2.03,1.58,51,"CAN","G01","NorCal Gold",""
"Strikers FC MV JC G01",966,1.44,2.2,19,"CAS","G01","CalSouth DSL2",""
"Colorado Storm 02 North White G01",963,1.41,2.19,35,"CO","G01","CO Classic 1",""
"Corvallis United Storm G01",963,2.39,1.29,40,"OR","G01","Thorns Championship",""
"Hollister Tremors Lightning G01",962,2.41,1.28,24,"CAN","G01","CalNorth CCSL Gold",""
"West Valley United White G01",961,1.83,1.67,44,"CAN","G01","NorCal Gold",""
"Central California Aztecs G01",961,1.62,1.89,51,"CAS","G01","CalSouth DSL2",""
"Valley Center Hurricanes G01",961,1.55,1.96,26,"CAS","G01","Presidio SDDA 2",""
"Pacific FC Blue G01",960,1.97,1.54,42,"WA","G01","OPL NPL",""
"Temecula Valley SC Hawks Academy G01",959,1.97,1.53,37,"CAS","G01","CalSouth DSL2",""
"Bozeman Blitzz Blue G01",959,1.94,1.55,36,"MT","G01","MYSA Select",""
"Santa Anita SC Silver G01",959,1.34,2.24,35,"CAS","G01","CalS CSL Silver",""
"Real Henderson Gray G01",958,3.68,0.81,11,"NV","G01","SSGSL Classic",""
"Pacific FC White Ice G01",957,2.25,1.32,38,"WA","G01","Thorns Championship",""
"San Diego Puma UNAM Academy G01",957,2.8,1.06,26,"CAS","G01","Presidio AA-C",""
"Chelsea SC Blue G01",956,1.67,1.77,32,"CAS","G01","CalSouth DSL3",""
"Infinity SC 02 Premier G01",955,1.93,1.52,23,"UT","G01","Utah D2",""
"Central Coast Condors G01",955,2.14,1.37,34,"CAS","G01","CalS CSL Bronze",""
"Davis Legacy White G01",955,1.74,1.68,51,"CAN","G01","NorCal Silver",""
"Eastside 02G G01",954,1.44,2.02,14,"HI","G01","Oahu League Select 2",""
"Whatcom FC Rangers Blue G01",954,1.88,1.54,36,"WA","G01","RCL 4",""
"CFC Lady Bobcats G01",954,1.39,2.08,13,"NM","G01","",""
"Real So Cal Black G01",951,1.67,1.71,32,"CAS","G01","CalSouth DSL2",""
"NEU Barcelona White G01",951,1.98,1.44,35,"OR","G01","OPL Premier",""
"El Dorado Hills Strikers G01",951,2.33,1.22,36,"CAN","G01","NorCal Silver",""
"Manteca Rangers United Red G01",950,1.83,1.54,35,"CAN","G01","CalNorth CCSL Silver Elite",""
"Rampage Black KT G01",949,2.16,1.3,36,"UT","G01","Utah A",""
"North Coast Windsor G02",949,2.05,1.37,9,"CAN","G02","",""
"Crossfire Premier C James G01",949,1.89,1.49,57,"WA","G01","RCL 3",""
"SF Vikings Glens Black G01",948,1.58,1.77,45,"CAN","G01","CalNorth CCSL Silver",""
"Colorado Storm 02 South White G01",948,2.21,1.26,24,"CO","G01","CO Premier 2",""
"Santa Ana FC Pumas G01",947,2.03,1.37,38,"CAS","G01","CalS CSL Bronze",""
"Dixie Dragons G01",947,1.18,2.34,22,"UT","G01","Utah SUSA",""
"Fife Milton Edgewood Fusion G01",947,2.28,1.21,34,"WA","G01","NPSL 2",""
"Forty-Niner United Net Rippers G01",946,2.06,1.34,37,"CAN","G01","NorCal Silver",""
"Colorado Storm Academy 02 White G01",944,1.63,1.66,31,"CO","G01","CO Classic 4",""
"IV Pumas Premier FC G01",943,1.99,1.36,12,"CAS","G01","Presidio AA-A",""
"AYSO Region 1046 02 Gold G01",942,1.95,1.38,37,"AZ","G01","AZOL 1",""
"Chicas G01",941,1.79,1.49,31,"ID","G01","IYSA D3-A","NWCL"
"SESC Dynamite G01",941,2.19,1.22,38,"OR","G01","OPL Premier",""
"Clovis JR SL 02 Crossfire Bruisers G01",941,2.16,1.23,22,"CAN","G01","CalN D7",""
"Granite Bay FC All Stars G01",941,2.37,1.12,41,"CAN","G01","CalNorth CCSL Silver Elite",""
"Fort Lowell SC 02 Express G01",941,1.78,1.49,10,"AZ","G01","AZSL 2",""
"La Academia Barcelona G01",940,2.06,1.28,13,"CAS","G01","CalS CSL Silver",""
"Utah Soccer Alliance 02 White G01",940,2.09,1.26,27,"UT","G01","Utah D2",""
"El Paso Southwest Rush Predator G01",938,1.54,1.69,15,"TX","G01","",""
"Arsenal Colorado Royal G01",938,1.44,1.81,34,"CO","G01","CO Classic 1",""
"North Marin United Green G01",938,2,1.3,39,"CAN","G01","NorCal Gold",""
"International Futbol Trouble G01",937,1.87,1.38,34,"CAS","G01","CalS CSL Bronze",""
"Arsenal FC San Diego Valdez G01",937,1.69,1.54,30,"CAS","G01","Presidio AA-C",""
"SSC Shadow United Lafferty G01",937,1.67,1.54,21,"WA","G01","ID NWL",""
"Valley United Sedaghat G01",936,1.4,1.84,25,"CAS","G01","CalS CSL Silver",""
"PacNW White G01",936,1.47,1.75,43,"WA","G01","RCL 4",""
"Timber Barons Green G01",935,1.42,1.79,28,"WA","G01","Thorns Div 1",""
"Wasatch SC Elite MP G01",934,2.45,1.04,36,"UT","G01","Utah D1",""
"Grants Pass YSC Bulldogs White G01",933,1.62,1.55,31,"OR","G01","Thorns Premier",""
"San Diego SC Black G01",933,2.09,1.2,27,"CAS","G01","Presidio AA-A",""
"United FC White G01",932,1.48,1.69,14,"CAS","G01","",""
"Rangers Signature G01",932,1.44,1.73,13,"CAS","G01","CalSouth Signature",""
"Carson Valley SC Quakes G01",932,1.67,1.49,38,"NV","G01","GBYSL",""
"Sereno SC 02 Chelsea Navy G01",930,1.48,1.67,37,"AZ","G01","AZOL 3",""
"Pacific FC Orange G00",930,2.06,1.2,8,"WA","G00","",""
"Cal Odyssey South White G01",929,2.51,0.97,25,"CAN","G01","NorCal Premier",""
"River City United Freedom G01",929,1.31,1.86,34,"CAN","G01","NorCal Silver",""
"San Carlos United Blitz Blue G01",929,1.68,1.45,38,"CAN","G01","CalNorth CCSL Silver",""
"United Premier FC G2002 Maroon",928,2.04,1.2,18,"CAS","G01","Presidio AA-C",""
"TFA Barcelona 02 AZ G01",928,1.61,1.51,34,"AZ","G01","AZOL 2",""
"Arizona SC 02 Thunder Sanchez 2 G01",926,1.41,1.71,16,"AZ","G01","AZOL4",""
"Denver Kickers DK Dominators G01",926,1.85,1.3,22,"CO","G01","CO Classic 3",""
"BIFC Blue Boca Juniors G01",926,1.74,1.38,32,"WA","G01","NPSL 2",""
"Southside SC Freedom G00",926,2.47,0.97,8,"OR","G00","",""
"Broomfield Blast 02 White G01",926,1.52,1.58,25,"CO","G01","CO Classic 3",""
"Riverside MGFM Rampage G01",926,2.1,1.14,43,"CAS","G01","CalS CSL Bronze",""
"Delta Magic G01",926,1.72,1.4,32,"CAN","G01","NorCal Gold",""
"NSC Reign G01",924,2.42,0.98,24,"WA","G01","NPSL 2",""
"Mill Valley 02 Rockers Red G01",924,1.65,1.43,36,"CAN","G01","NorCal Silver",""
"Oxnard Wave SC G01",923,3.13,0.75,13,"CAS","G01","CalS CSL Bronze",""
"North Orange County FC Black G01",923,1.82,1.29,39,"CAS","G01","CalS CSL Bronze",""
"Phoenix Premier 02 Black G01",923,1.28,1.84,30,"AZ","G01","AZSL 1",""
"Albuquerque United FC 03 Barcelona G02",922,1.2,1.95,12,"NM","G02","",""
"LV Premier Sports Academy 02 White G01",922,1.77,1.31,35,"NV","G01","SSGSL Classic",""
"Flagstaff SC 2002 United G01",922,1.35,1.72,39,"AZ","G01","AZOL 3",""
"LA Galaxy South Bay Gray G01",921,1.28,1.81,31,"CAS","G01","CalSouth DSL3",""
"Spokane Foxes Premier G01",921,1.59,1.46,35,"WA","G01","PSPL Premier","NWCL"
"CFC Black G01",920,1.73,1.33,40,"OR","G01","Thorns Championship",""
"TSS Academy 2001G",920,1.85,1.25,8,"BC","2001G","",""
"Cedar Fury G01",920,2.33,0.99,16,"UT","G01","Utah SUSA",""
"Highline Premier FC Blue G01",919,1.8,1.27,39,"WA","G01","PSPL Premier",""
"Arizona SC 02 Thunder Blue G01",919,1.34,1.71,45,"AZ","G01","AZOL 2",""
"Cook Inlet Velocity 03G Blue G02",918,1.96,1.16,13,"AK","G02","UAYSL",""
"FC Portland White G01",916,1.35,1.66,42,"OR","G01","OPL 1st",""
"Paso Del Norte Team Mexico G01",915,1.87,1.19,8,"TX","G01","",""
"Pride SC 02 United G01",914,1.76,1.25,29,"CO","G01","CO Classic 2",""
"Diablo FC Blue G01",914,1.79,1.23,43,"CAN","G01","NorCal Silver",""
"FPSC Fury Black G01",913,2,1.09,35,"WA","G01","PSPL Classic 1",""
"Canyon FC White Flor G01",912,1.17,1.86,39,"CAS","G01","CalS CSL Bronze",""
"Players SC 02 Elite JL G01",912,1.27,1.71,41,"NV","G01","NV Summit",""
"PCU Red G01",911,1.86,1.16,43,"OR","G01","Thorns Championship",""
"Chula Vista FC G01",910,2.48,0.86,22,"CAS","G01","Presidio SDDA 2",""
"Sheridan Storm G01",909,1.66,1.28,11,"WY","G01","WY League",""
"Central Santa Clara Valley Pride White G01",909,1.75,1.22,41,"CAN","G01","CalNorth CCSL Bronze",""
"RV Slammers White G01",909,1.63,1.31,37,"WA","G01","RCL 4",""
"Riverside SC Renegades G01",908,1.82,1.17,35,"CO","G01","CO Classic 1",""
"Blackhills FC Black G01",908,1.86,1.14,37,"WA","G01","RCL 4",""
"Wolfpack White G01",906,1.05,1.98,47,"CAS","G01","CalS CSL Bronze",""
"Laguna United FC White G01",906,1.54,1.35,34,"CAS","G01","CalSouth DSL3",""
"LA Galaxy CV Blue G01",906,1.29,1.61,17,"CAS","G01","CalS CSL Silver Elite",""
"AYSO Matrix El Cajon G01",905,1.63,1.28,32,"CAS","G01","Presidio AA-C",""
"FC Brighton Revolution G01",904,1.64,1.26,27,"CO","G01","CO Classic 4",""
"Murray Max Black G01",903,1.69,1.21,34,"UT","G01","Utah D1",""
"Westminster AFC 02 Cosmos G01",903,1.51,1.35,24,"CO","G01","CO Classic 1",""
"Colorado United Gold G01",903,1.63,1.25,35,"CO","G01","CO Classic 3",""
"Colorado Rapids Youth 02 Burgundy G01",902,1.41,1.44,29,"CO","G01","CO Classic 2",""
"Mustang Xplosion G01",902,1.14,1.78,34,"CAN","G01","NorCal Silver",""
"Sacramento United Extreme White G01",901,1.79,1.13,37,"CAN","G01","NorCal Silver",""
"American River FC 02 Freedom Red G01",901,1.78,1.13,15,"CAN","G01","",""
"Albany Berkeley SC Lightning Stryke G01",900,1.84,1.09,31,"CAN","G01","NorCal Silver",""
"Rocky Mountain Cougars Black G01",899,1.58,1.26,27,"CO","G01","CO Classic 3",""
"Idaho Rush Nero G01",899,1.66,1.19,31,"ID","G01","IYSA D3-B",""
"La Jolla Impact Blue G01",898,1.48,1.33,26,"CAS","G01","Presidio AA-B",""
"AYSO 223 Mt. Diablo Heat G01",896,1.55,1.26,33,"CAN","G01","",""
"West Coast Soccer Academy LSA G01",895,0.91,2.12,24,"CAS","G01","CalS CSL Silver",""
"Poway Vaqueros White G01",894,1.35,1.43,36,"CAS","G01","Presidio AA-B",""
"Utah Surf Premier G01",894,2.28,0.84,22,"UT","G01","Utah A",""
"Sagebrush Patriots G01",893,1.9,1.01,44,"NV","G01","GBYSL",""
"Aggies FC 02 Blue G01",892,1.32,1.43,29,"UT","G01","Utah D2",""
"Heat FC 01 NS G00",891,1.46,1.29,8,"NV","G00","",""
"Vacaville United SC Xtreme G01",891,1.88,1,45,"CAN","G01","NorCal Gold",""
"SSA Elite G01",890,2.07,0.9,31,"CAN","G01","NorCal Silver",""
"Liverpool Premier Trask G01",890,1.9,0.98,42,"CAS","G01","Presidio AA-B",""
"Newport Mesa Waves G01",889,1.12,1.66,29,"CAS","G01","CalSouth DSL2",""
"Pacific SC Lake Forest Thunder G01",889,1.73,1.07,34,"CAS","G01","CalS CSL Bronze",""
"Kenai Peninsula SC Krushers G01",888,1.6,1.15,11,"AK","G01","",""
"Mustang Blaze G01",888,1.29,1.42,31,"CAN","G01","NorCal Silver",""
"Fraser Valley FC 2002G",887,1.02,1.79,24,"BC","2002G","BCSPL",""
"Durango United Lightning G01",887,1.83,0.99,32,"CO","G01","CO SWL",""
"Canyon United Blue G01",885,1.56,1.16,29,"CAS","G01","CalSouth Signature",""
"AC Brea G01",884,1.26,1.42,41,"CAS","G01","CalS CSL Bronze",""
"Wasilla Valley Revolution G01",884,2.72,0.66,28,"AK","G01","UAYSL",""
"Rock Springs Avengers G01",883,1.53,1.17,12,"WY","G01","WY League",""
"East Bay Eclipse Lunar G01",883,1.63,1.09,16,"CAN","G01","",""
"FC Nova Pink G02",883,1.71,1.04,8,"ID","G02","",""
"Northern Colorado SC Girls Boots Blue G01",882,1.53,1.15,18,"CO","G01","CO Classic 2",""
"Scripps Ranch SC Red G01",882,1.42,1.24,30,"CAS","G01","Presidio AA-B",""
"FC Spokane Black Swoboda G01",880,1.01,1.71,30,"WA","G01","PSPL INW Copa 1",""
"Fair Oaks SC Storm G01",879,1.22,1.42,28,"CAN","G01","CalNorth CCSL Copper",""
"En Fuego FC Red G01",879,1.69,1.03,46,"WA","G01","PSPL Classic 1",""
"Canby United Volts G01",879,1.4,1.23,27,"OR","G01","OPL 1st",""
"Natomas United FC Kick Kats G01",878,1.92,0.89,46,"CAN","G01","CalNorth CCSL Bronze",""
"Sand and Surf El Segundo Black G01",877,1.12,1.52,24,"CAS","G01","CalSouth DSL3",""
"Sierra United Lightning G01",876,1.53,1.11,23,"CAN","G01","CalNorth CCSL Silver Elite",""
"LA Galaxy CV White G01",876,1.18,1.43,33,"CAS","G01","CalS CSL Bronze",""
"FC Long Beach Blue G01",874,1.18,1.42,33,"CAS","G01","CalS CSL Bronze",""
"Sagebrush Patriots G02",874,1.85,0.91,8,"NV","G02","",""
"Washington Timbers Forest G01",874,1.5,1.11,75,"WA","G01","Thorns Div 1",""
"Ventura County Fusion YSA Camarillo G01",873,0.94,1.77,21,"CAS","G01","CalS CSL Bronze",""
"Hisperia Missioneros G01",873,1.72,0.96,34,"CAS","G01","CalS CSL Bronze",""
"CVSC Avengers G01",871,1.44,1.14,23,"CAS","G01","CalS CSL Bronze",""
"Sporting Carson Valley G01",871,1.17,1.4,30,"NV","G01","GBYSL",""
"Loomis Sao Paulo Warriors G01",870,2.01,0.81,11,"CAN","G01","",""
"New Mexico Rush Rush G01",869,1.26,1.28,31,"NM","G01","Duke City League 1",""
"Missoula Strikers Black G01",869,1.58,1.02,27,"MT","G01","MYSA Select",""
"SF Vikings Ravens White G01",868,1.85,0.87,36,"CAN","G01","CalNorth CCSL Gold",""
"Santa Barbara SC Red G01",868,1.48,1.08,33,"CAS","G01","CalS CSL Bronze",""
"Granada United FC G01",868,1.18,1.36,20,"CAS","G01","CalS CSL Silver",""
"Orange County Premier Orange G01",868,1.44,1.11,38,"CAS","G01","CalS CSL Bronze",""
"AYSO Region 58 VNSO Express G01",866,1.54,1.02,20,"CAS","G01","CalS CSL Bronze",""
"Sunnyvale Alliance SC Blast White G01",866,1.12,1.41,30,"CAN","G01","CalNorth CCSL Gold",""
"Outlaw FC G01",863,0.94,1.65,27,"CAS","G01","CalSouth Signature",""
"Steamboat Springs Navy G01",862,1.31,1.17,30,"CO","G01","CO Challenge Metro South",""
"Holomua oi SC G01",862,1.51,1.02,12,"NM","G01","",""
"Colorado Storm 02 South Blue",862,1.61,0.95,35,"CO","G01","CO Classic 4",""
"Oxnard United SC G01",862,1.46,1.05,31,"CAS","G01","CalS CSL Bronze",""
"Anaheim SA Impact Reyes G01",861,1.83,0.83,26,"CAS","G01","CalSouth Signature",""
"MVLA Avalanche Green G01",860,1.91,0.79,31,"CAN","G01","NorCal Silver",""
"Pelada FA Rolling Thunder G01",860,1.55,0.98,36,"OR","G01","Thorns Div 1",""
"San Bruno Lowen 83 Hurricanes G01",860,1.64,0.93,31,"CAN","G01","CalNorth CCSL Silver",""
"Real Colorado Edge Legends G01",860,1.56,0.97,28,"CO","G01","CO Classic 4",""
"THUSC Silver G00",860,1.3,1.17,8,"OR","G00","",""
"FC Milpitas Wildcats G01",860,1.33,1.14,36,"CAN","G01","CalNorth CCSL Silver",""
"North Coast FC Petaluma Red G01",859,1.66,0.91,40,"CAN","G01","NorCal Silver",""
"Real Colorado Silver G01",859,1.03,1.46,27,"CO","G01","CO Classic 3",""
"Arsenal Colorado Blue G01",857,1.59,0.94,24,"CO","G01","CO Classic 2",""
"LA Galaxy CV Red G01",857,1.07,1.39,20,"CAS","G01","CalS CSL Bronze",""
"CDA Slammers Whittier White G01",857,1.74,0.85,38,"CAS","G01","CalSouth DSL3",""
"Meridian United FC Red G01",857,1.71,0.87,34,"ID","G01","IYSA D3-A",""
"AYSO 688 Alliance 02 G01",857,1.43,1.03,33,"AZ","G01","AZOL 2",""
"BoRussia Del Mar G01",857,1.41,1.05,25,"CAS","G01","Presidio AA-C",""
"Montclair SC Clippers Red G01",856,1.2,1.23,33,"CAN","G01","NorCal Silver",""
"NW United Roadrunners Premier G01",856,1.66,0.89,43,"WA","G01","PSPL Premier",""
"Billings Edge Girls G01",856,1.26,1.17,11,"MT","G01","",""
"Sierra Vista Sounders G01",855,1.24,1.19,27,"AZ","G01","",""
"Belmont United SC Fire G01",855,0.98,1.5,19,"CAN","G01","CalNorth CCSL Silver",""
"ETFC Cypress Red G01",855,1.23,1.19,34,"OR","G01","Thorns Div 1",""
"Celtic Hibs G01",854,1.12,1.3,39,"CAS","G01","CalS CSL Bronze",""
"Real Colorado Bronze G01",854,1.64,0.89,34,"CO","G01","CO Classic 4",""
"Anaheim SA Impact G01",853,1.03,1.4,16,"CAS","G01","CalSouth Signature",""
"Roseville YSC Arsenal G01",853,1.14,1.27,40,"CAN","G01","NorCal Silver",""
"FC Nova White G01",852,1.11,1.29,22,"ID","G01","IYSA D3-A",""
"Vacaville United SC Thunderbirds G01",852,1.66,0.86,35,"CAN","G01","NorCal Silver",""
"Pikes Peak Rush G01",851,1.56,0.91,20,"CO","G01","CO Classic 4",""
"Mustang Wild G01",851,1.23,1.16,27,"CAN","G01","NorCal Silver",""
"North Area Rush G01",851,1.26,1.12,31,"CO","G01","CO Classic 1",""
"Junior United SA Dynamite G01",849,1.43,0.99,12,"CAS","G01","CalSouth Signature",""
"Colorado United Silver G01",848,1.03,1.35,26,"CO","G01","CO Classic 3",""
"Rocklin FC Rage G01",848,1.46,0.96,51,"CAN","G01","NorCal Silver",""
"Nationals West Blue G01",848,1.34,1.04,31,"ID","G01","IYSA D3-A",""
"Central CA Soccer Alliance White G01",846,1.34,1.03,22,"CAN","G01","NorCal Silver",""
"Riverside United G01",846,1,1.38,9,"CAS","G01","",""
"SF Vikings Tremors White G00",845,1.54,0.89,17,"CAN","G00","CalN CCSL Prep Bronze",""
"FC Tacoma Blue G01",844,1.65,0.82,24,"WA","G01","PSPL Classic 2",""
"West Coast Wave G01",844,1.82,0.75,37,"CAN","G01","NorCal Silver",""
"Denver Kickers Black Rattlers G01",843,1.27,1.06,23,"CO","G01","CO Challenge North",""
"Skyline Select 02 Blue G01",841,1.4,0.95,23,"CO","G01","CO Classic 3",""
"IE Surf Daniel G01",841,0.88,1.51,33,"CAS","G01","CalS CSL Bronze",""
"Temecula Valley SC Hawks Black G01",841,1.37,0.97,36,"CAS","G01","CalSouth DSL3",""
"Colorado Storm South Black G01",840,1.09,1.21,31,"CO","G01","CO Classic 3",""
"Seattle United NE Blue G01",840,1.14,1.16,26,"WA","G01","NPSL 2",""
"Oceanside Breakers Black G01",840,1.47,0.9,23,"CAS","G01","Presidio SDDA 2",""
"APTOS SC Tide G01",839,1.25,1.06,13,"CAN","G01","CalNorth CCSL Silver",""
"Orchard Valley Crush Red G01",839,1.41,0.93,50,"CAN","G01","NorCal Silver",""
"Wenatchee Fire Black G01",839,0.99,1.32,41,"WA","G01","PSPL Classic 1",""
"Ashland SC Fury G00",839,1.45,0.9,10,"OR","G00","SOCL",""
"Casper SC Blades G01",837,1.62,0.8,8,"WY","G01","WY League",""
"CCV Stars 02 Orange G01",837,1.29,1,40,"AZ","G01","AZOL 2",""
"DMS11 G01",836,1.15,1.12,16,"CAS","G01","CalS CSL Bronze",""
"Crescenta Valley SC White G01",836,1.73,0.74,27,"CAS","G01","CalSouth DSL2",""
"Alameda SC Islanders Red G01",835,1.36,0.94,31,"CAN","G01","NorCal Silver",""
"San Marcos YS Revolution G01",835,1.6,0.8,37,"CAS","G01","Presidio AA-B",""
"Scripps Ranch SC White G01",833,0.99,1.27,20,"CAS","G01","Presidio AA-C",""
"Peninsula Odyssey Black G01",832,1.95,0.64,8,"CAN","G01","",""
"Palo Alto 02 Blue G01",832,0.95,1.31,31,"CAN","G01","CalNorth CCSL Gold",""
"Sandpoint Strikers G01",832,1.31,0.95,22,"ID","G01","ID NWL",""
"Colorado Storm 02 Castle Rock White G01",831,1.23,1.01,29,"CO","G01","CO Challenge Metro South",""
"Team USA Fontana FC Black G01",831,1.17,1.06,21,"CAS","G01","CalS CSL Bronze",""
"Livermore Fusion SC Gold G01",830,1.58,0.78,35,"CAN","G01","NorCal Silver",""
"FRAM Soccer Club Brannan G01",829,1.52,0.8,31,"CAS","G01","CalS CSL Bronze",""
"Far West Soccer 02 Red G01",829,1.47,0.83,22,"AZ","G01","AZOL 3",""
"Colorado Rush Cinza Chaos G01",828,1.44,0.84,28,"CO","G01","CO Challenge Metro South",""
"Seattle United West Blue G01",827,0.98,1.23,28,"WA","G01","NPSL 2",""
"AYSO Matrix Bonita Blue G01",826,1.64,0.73,19,"CAS","G01","Presidio AA-A",""
"Broomfield Blast 02 Blue G01",826,1.43,0.84,29,"CO","G01","CO Classic 4",""
"Sagebrush Sparks Freedom G01",826,1.11,1.07,34,"NV","G01","GBYSL",""
"Strikers RB G01",825,1.1,1.08,31,"UT","G01","Utah A",""
"Real Colorado Gold G01",825,1.13,1.05,32,"CO","G01","CO Classic 2",""
"Thurston County United G01",824,1.26,0.93,34,"WA","G01","PSPL Classic 1",""
"Kitsap Alliance FC Black G01",822,0.86,1.36,40,"WA","G01","RCL 4",""
"Natomas United FC Cyclones G01",821,1.23,0.94,36,"CAN","G01","CalNorth CCSL Silver Elite",""
"Canyon Optimist Crossfire Black G01",821,1.41,0.82,28,"ID","G01","IYSA D3-B",""
"FC Edmonds Elite G01",821,1.62,0.71,39,"WA","G01","PSPL Classic 2",""
"FC Sol Black G01",820,0.88,1.3,29,"CAS","G01","Presidio AA-A",""
"AYSO Challenge FC Flames G01",820,0.96,1.19,23,"NM","G01","Duke City League 1",""
"Southside SC Storm G01",819,1.42,0.8,53,"OR","G01","OPL Premier",""
"Atletico United FC White G01",819,1.36,0.84,32,"CAN","G01","NorCal Silver",""
"FC Man United Red G01",817,1.07,1.05,39,"CAS","G01","CalS CSL Bronze",""
"Prospector SC United FC G01",817,1.07,1.05,32,"CAN","G01","CalNorth CCSL Copper",""
"Wasatch SC Thunder SR G01",815,1.41,0.79,28,"UT","G01","Utah A",""
"Lake Oswego SC Thunder G01",814,1.17,0.95,40,"OR","G01","OPL 1st",""
"EBU Bay Oaks Silver Bombers G01",814,1.07,1.03,31,"CAN","G01","NorCal Silver",""
"Electric City SC Royal G01",814,1.26,0.87,22,"MT","G01","MYSA Select",""
"San Diego Fusion White G01",814,0.97,1.13,29,"CAS","G01","Presidio AA-C",""
"Elk Grove United SC Force G01",813,1.29,0.85,41,"CAN","G01","NorCal Silver",""
"Castro Valley United Yellow G01",813,1.14,0.96,41,"CAN","G01","NorCal Silver",""
"RSF Attack Green G01",813,0.76,1.43,24,"CAS","G01","Presidio AA-B",""
"Breakers Andersson G01",812,1.54,0.71,23,"WA","G01","",""
"Utah Avalanche 02 White G01",812,0.94,1.15,29,"UT","G01","Utah A",""
"FC Columbia County Thorns G01",812,0.83,1.3,31,"OR","G01","Thorns Div 2",""
"Elite FC Lightning G01",812,1.83,0.59,24,"UT","G01","Utah A",""
"Seattle United Shoreline Blue G01",810,1.35,0.79,23,"WA","G01","NPSL 2",""
"Barca Cantera Abbott G01",809,1.41,0.76,24,"CAS","G01","Presidio AA-C",""
"Andrenaline G01",809,1.1,0.97,9,"CAS","G01","",""
"Oranje Voetbal Club G01",808,0.95,1.12,34,"CAS","G01","Presidio AA-B",""
"Denver Kickers Strikers G01",808,1.12,0.94,25,"CO","G01","CO Challenge North",""
"Orem City Futbol Club United G01",808,1.23,0.86,21,"UT","G01","Utah D2",""
"Union FC Grey G01",807,0.73,1.45,11,"CAN","G01","",""
"FC Elk Grove Sting G01",807,1.11,0.95,34,"CAN","G01","CalNorth CCSL Bronze",""
"Chaos 02 PR G01",806,1.14,0.92,26,"UT","G01","Utah A",""
"Total Futbol Academy SE LA G01",805,1.01,1.03,51,"CAS","G01","CalS CSL Bronze",""
"SSC Shadow Elite Bellefeuille Cooper G01",802,1.22,0.83,21,"WA","G01","ID NWL",""
"Santa Clara Sparks G01",801,1.15,0.88,38,"CAN","G01","CalNorth CCSL Bronze",""
"Eastside Timbers Leverkusen G01",800,1.13,0.89,40,"OR","G01","Thorns Championship",""
"West Valley United Black G01",800,0.97,1.03,45,"CAN","G01","NorCal Silver",""
"Chugiak Arctic Storm Gold G01",799,1.39,0.71,21,"AK","G01","UAYSL",""
"Far West Soccer 02 Lopez G01",799,1.68,0.59,30,"AZ","G01","AZOL 3",""
"Crown City United Blue G01",798,0.96,1.03,21,"CAS","G01","CalS CSL Bronze",""
"Thelo United FC Green Thorns G01",797,1.08,0.9,47,"OR","G01","OPL Premier",""
"Cal Odyssey SC White G01",794,1.3,0.74,32,"CAN","G01","NorCal Silver",""
"Granite Bay FC Galaxy G01",794,1.3,0.74,18,"CAN","G01","CalNorth CCSL Copper",""
"Wenatchee Fire White G01",794,1.73,0.55,15,"WA","G01","",""
"Helena Arsenal Blue G01",794,1.23,0.78,23,"MT","G01","MYSA Select",""
"Lake Hills Extreme G01",793,1.41,0.68,37,"WA","G01","NPSL 1",""
"LA Premier FC White G01",792,1.07,0.88,27,"CAS","G01","CalS CSL Bronze",""
"Trebol Pride Green G01",792,1.33,0.71,30,"CO","G01","CO Challenge North",""
"Chugiak Flurry 03G Blue G02",792,1.43,0.66,9,"AK","G02","UAYSL",""
"FWFC Blue G01",792,0.76,1.25,43,"WA","G01","RCL 3",""
"Ventura County Fusion YSA G01",791,0.74,1.27,24,"CAS","G01","CalS CSL Bronze",""
"FC Royale Phoenix G01",791,1.25,0.75,26,"CAN","G01","CalN CCSL Prep Bronze",""
"Cap FC 02 United G01",790,1.02,0.91,33,"CAN","G01","NorCal Silver",""
"Strikers FC MV Ladera Ranch KL G01",790,0.88,1.06,22,"CAS","G01","CalSouth DSL3",""
"Basin United Yankees G00",789,0.75,1.24,10,"OR","G00","SOCL",""
"La Mirada Breakers G01",788,1.03,0.9,31,"CAS","G01","CalSouth Signature",""
"Pleasanton Rage White G01",788,1.27,0.73,35,"CAN","G01","NorCal Silver",""
"North State Revolution G01",785,1.13,0.79,43,"CAN","G01","CalNorth CCSL Bronze",""
"Colorado United Red G01",783,0.73,1.21,33,"CO","G01","CO Classic 2",""
"Poway Vaqueros Black G01",782,0.87,1.01,28,"CAS","G01","Presidio AA-C",""
"Impact Black G01",782,0.94,0.94,25,"CAN","G01","NorCal Silver",""
"Hotspurs White G01",782,0.99,0.89,33,"CAS","G01","Presidio AA-B",""
"Shock FC 02 MW G01",782,1.44,0.61,8,"UT","G01","Utah SUSA",""
"SFPAL Jamestown Tigers G00",781,2.06,0.43,10,"CAN","G00","CalN CCSL Prep Bronze",""
"Tucson Soccer Academy 02 Blue G01",781,0.83,1.06,35,"AZ","G01","PCJSL",""
"FC Boulder Athletic G01",780,0.98,0.89,19,"CO","G01","CO Challenge North",""
"Stockton Storm FC Lady Strikers G01",779,0.76,1.14,30,"CAN","G01","CalNorth CCSL Copper",""
"Scottsdale Soccer 02 Blackhawks White G01",779,1.07,0.81,9,"AZ","G01","AZOL4",""
"FC Alliance B G01",779,1.1,0.78,33,"WA","G01","RCL 4",""
"Livermore Fusion SC Black G01",778,0.72,1.19,12,"CAN","G01","NorCal Bronze",""
"Wenatchee Valley Utd G01",777,1.14,0.75,14,"WA","G01","",""
"Colorado Rush Weib G01",777,1.07,0.8,23,"CO","G01","CO Classic 4",""
"Forza FC 02 Gold G01",777,0.89,0.96,39,"UT","G01","Utah A",""
"Titans FC G01",776,1.31,0.65,18,"UT","G01","",""
"SSC Shadow B G01",775,1.15,0.73,27,"WA","G01","RCL 4",""
"Eastside FC Blue G01",775,1.26,0.67,32,"WA","G01","RCL 4",""
"San Carlos United Blitz White G01",774,0.76,1.11,42,"CAN","G01","CalNorth CCSL Bronze",""
"Santa Cruz City SC Jaws Blue G01",774,0.82,1.01,35,"CAN","G01","CalNorth CCSL Silver",""
"Albuquerque United FC 03 Inferno G02",773,1.06,0.78,10,"NM","G02","",""
"Arsenal United Fusion G01",772,1.39,0.59,21,"ID","G01","",""
"RVSC Timbers White G01",772,0.96,0.85,22,"OR","G01","SOCL",""
"Kitsap Pumas G01",771,0.85,0.96,31,"WA","G01","PSPL Classic 2",""
"Scottsdale 02 Blackhawks Prescott Challinor G01",770,0.81,1.01,28,"AZ","G01","AZOL 3",""
"Elite Soccer League Legacy G01",770,1.11,0.73,13,"CAS","G01","CalSouth Signature",""
"Martinez Pleasant Hill FC Riot",769,1.19,0.68,28,"CAN","G01","NorCal Silver",""
"San Ramon 02 Azuri White G01",769,0.92,0.88,35,"CAN","G01","NorCal Silver",""
"Isagenix Striking Tigers G01",769,1.35,0.6,12,"WA","G01","",""
"Real Middleton CF AS Roma G01",768,1.09,0.74,19,"ID","G01","IYSA D3-B",""
"Burlingame SC Hawks G01",768,1.32,0.61,32,"CAN","G01","CalNorth CCSL Silver",""
"McMinnvile YS Blaze G01",767,0.91,0.88,16,"OR","G01","Thorns Div 2",""
"Crusaders FC White G01",764,1.11,0.7,34,"CAS","G01","CalS CSL Bronze",""
"Pacific SC Synergy G01",764,1.19,0.65,16,"CAS","G01","CalS CSL Bronze",""
"SSA Dolphins G01",763,0.96,0.8,27,"CAN","G01","CalNorth CCSL Bronze",""
"En Feugo FC White G01",763,1.18,0.66,19,"WA","G01","PSPL Classic 2",""
"AYSO Challenge FC Dragons G01",762,0.91,0.84,30,"NM","G01","Duke City League 1",""
"Jackson Hole United G01",761,0.8,0.95,21,"WY","G01","",""
"Tahoe Wave FC Tsunami G01",760,1.1,0.69,26,"NV","G01","GBYSL",""
"Vancouver Island Wave 2001G",760,0.72,1.05,22,"BC","2001G","BCSPL",""
"Vegas United 01 G00",759,1.73,0.44,8,"NV","G00","",""
"Chico-Cal SC Thunder G01",758,1,0.75,26,"CAN","G01","CalNorth CCSL Bronze",""
"Solano Synergy G01",758,1.2,0.62,29,"CAN","G01","CalNorth CCSL Copper",""
"MVLA Avalanche Gold G01",758,0.81,0.93,28,"CAN","G01","CalNorth CCSL Copper",""
"Heber Valley Storm Black G01",758,1.18,0.63,29,"UT","G01","Utah A",""
"Oceanside Breakers Blue G01",757,1.11,0.67,19,"CAS","G01","Presidio AA-C",""
"Mt Hamilton Olympians G01",757,1.09,0.68,26,"CAN","G01","CalNorth CCSL Bronze",""
"AYSO 206 Fire & Ice G01",756,1.3,0.57,34,"AZ","G01","PCJSL",""
"Clovis SuperPride G01",755,1.06,0.69,13,"NM","G01","Duke City League 2",""
"Crossfire Yakima G01",754,0.8,0.91,26,"WA","G01","RCL 4",""
"Crush Burton G01",754,1.08,0.67,28,"UT","G01","Utah A",""
"FC Elk Grove Rebels G01",754,1,0.72,42,"CAN","G01","CalNorth CCSL Copper",""
"Fremont YSC MVU GB G01",752,0.67,1.06,19,"CAN","G01","NorCal Bronze",""
"Boise Nationals SC Reign G01",751,0.92,0.77,26,"ID","G01","IYSA D3-A",""
"MI FC Thunder G01",748,0.81,0.86,27,"WA","G01","NPSL 2",""
"Napa Valley 02 Pride Red G01",748,1.29,0.54,41,"CAN","G01","NorCal Silver",""
"Tooele County United CW G01",748,1.61,0.43,26,"UT","G01","Utah A",""
"Piedmont SC Highlanders Green G01",747,0.97,0.72,21,"CAN","G01","NorCal Silver",""
"CVSC Strikers G01",745,1.12,0.61,36,"CAS","G01","CalS CSL Bronze",""
"Mustang Revolution G01",744,0.87,0.78,25,"CAN","G01","NorCal Silver",""
"Mt Hamilton Wildcatz G01",743,0.65,1.03,24,"CAN","G01","CalNorth CCSL Bronze",""
"Pacific FC Black Force G01",743,1.01,0.67,45,"WA","G01","OPL 1st",""
"FC Tacoma Comets White G01",742,0.97,0.69,43,"WA","G01","PSPL Premier",""
"Impact United FC G01",742,1.17,0.57,25,"UT","G01","Utah A",""
"Wenatchee Fire White Stefanko G01",742,1.09,0.61,21,"WA","G01","PSPL Classic 2",""
"Stanford SC 02 Tornadoes G01",741,1.02,0.65,29,"CAN","G01","CalNorth CCSL Silver",""
"SF Vikings Ravens Black G01",740,0.91,0.72,28,"CAN","G01","CalN CCSL Prep Bronze",""
"Seattle Celtics Green G01",739,0.91,0.72,28,"WA","G01","PSPL Classic 1",""
"Rio Rapids SC 02 Eclipse G01",739,1.03,0.64,37,"NM","G01","Duke City League 2",""
"Park City 02 SC G01",739,0.95,0.69,28,"UT","G01","Utah D2",""
"Colorado Hawks Black G01",736,0.78,0.82,27,"CO","G01","CO Classic 4",""
"Gold Country YSL Wildcatz G01",735,1.2,0.53,20,"CAN","G01","CalNorth CCSL Copper",""
"Escondido FC Heat Hernandez G01",734,0.78,0.81,27,"CAS","G01","Presidio AA-B",""
"Vancouver Island Wave 2002G",734,0.83,0.77,21,"BC","2002G","BCSPL",""
"Elite Soccer League Pumas G01",731,0.99,0.63,13,"CAS","G01","CalSouth Signature",""
"Corrales Crossfire G01",731,0.81,0.77,33,"NM","G01","Duke City League 2",""
"Emerald City FC White G01",730,1.04,0.59,24,"WA","G01","PSPL Classic 2",""
"New Mexico Rush Nero G01",730,1.02,0.61,36,"NM","G01","Duke City League 1",""
"Folsom Krushers G01",729,1.01,0.6,22,"CAN","G01","CalNorth CCSL Copper",""
"FC Cal Velocity FC G01",729,1.02,0.6,19,"CAS","G01","CalS CSL Bronze",""
"Arsenal SC AH G01",729,1.02,0.6,35,"UT","G01","Utah A",""
"Elite Soccer League Ladera G01",725,0.95,0.63,14,"CAS","G01","CalSouth Signature",""
"North Valley SC Pumas G01",725,1.15,0.52,19,"AZ","G01","AZOL4",""
"Silver Falls Hurricanes G01",725,1.08,0.55,35,"OR","G01","Thorns Div 1",""
"South Cache Fury G01",724,0.74,0.8,19,"UT","G01","Utah B",""
"Nebo United Manti FC G01",724,1.25,0.47,12,"UT","G01","Utah A",""
"Three Rivers SC District Black G01",723,0.94,0.63,17,"WA","G01","ID NWL",""
"Shooters SC 02 Blue G01",723,0.71,0.83,22,"UT","G01","Utah A",""
"Hurricanes FC G01",721,1.44,0.4,29,"UT","G01","Utah B",""
"FC Mesquite Infernos G01",721,0.86,0.68,22,"NV","G01","Utah SUSA",""
"Idaho Rush Azul G01",721,1.17,0.5,31,"ID","G01","IYSA D3-B",""
"Wheat Ridge Avalanche Gold G01",719,0.99,0.58,24,"CO","G01","CO Classic 4",""
"Joga FC 02 SS G01",719,1.23,0.46,19,"UT","G01","Utah B",""
"Downtown Las Vegas SC Academy G01",718,0.69,0.82,42,"NV","G01","NV Summit",""
"Sparta United 02 CJ G01",717,1.01,0.56,28,"UT","G01","Utah A",""
"Seattle United South Black G01",716,0.98,0.57,15,"WA","G01","NPSL 1",""
"Phoenix Rush 02 Rush G01",716,0.67,0.83,30,"AZ","G01","AZOL 1",""
"Colorado Storm 02 South Yellow G01",715,0.92,0.6,34,"CO","G01","CO Challenge Metro South",""
"PCU White G01",715,1.01,0.55,35,"OR","G01","Thorns Div 2",""
"Santa Rosa South SC Tigers G01",714,0.89,0.62,14,"CAN","G01","NorCal Silver",""
"Tottenham Hotspur East Bay Spurs G01",711,0.6,0.91,22,"CAN","G01","NorCal Bronze",""
"Encinitas Express Soccer Silver G01",710,0.76,0.7,25,"CAS","G01","Presidio AA-C",""
"Benicia Arsenal FC G01",710,0.87,0.61,26,"CAN","G01","NorCal Bronze",""
"ISC Gunners B G01",709,0.67,0.79,37,"WA","G01","PSPL Classic 1",""
"De Anza Force Silver G01",709,1.1,0.48,31,"CAN","G01","NorCal Silver",""
"Sonoma SC Fury G01",708,0.73,0.72,27,"CAN","G01","NorCal Silver",""
"North Whidbey SC G01",707,0.66,0.8,27,"WA","G01","NPSL 2",""
"Walnut Creek Tsunami G01",707,0.95,0.55,25,"CAN","G01","NorCal Bronze",""
"Vail Valley Navy G01",705,0.99,0.52,27,"CO","G01","CO Classic 1",""
"Firebirds FC Black Diamond SC Scherschlict G01",705,0.7,0.73,25,"UT","G01","Utah D1",""
"SF Vikings FC Lions Pride G01",705,0.81,0.64,33,"CAN","G01","CalN CCSL Prep Bronze",""
"WPFC White G01",703,0.78,0.66,29,"WA","G01","RCL 4",""
"Butte United Fusion G01",702,0.85,0.6,28,"CAN","G01","NorCal Silver",""
"Mukilteo Rush Select G01",701,0.89,0.56,28,"WA","G01","NPSL 3",""
"El Camino Real Warriors G01",700,0.76,0.65,21,"CAN","G01","CalNorth CCSL Bronze",""
"Lamorinda United White G01",699,0.68,0.73,33,"CAN","G01","NorCal Silver",""
"BSA Benfica Eagles G01",699,1.03,0.48,32,"AZ","G01","AZOL4",""
"Walnut Creek Rampage G01",699,0.75,0.66,26,"CAN","G01","NorCal Silver",""
"Northern Santa Fe Pride G01",698,0.98,0.51,29,"NM","G01","Duke City League 2",""
"Storm King G01",698,1.16,0.43,14,"WA","G01","NPSL 2",""
"South San Jose Legacy G01",697,0.65,0.75,33,"CAN","G01","CalNorth CCSL Bronze",""
"Orange Junior SC Strike Force G01",696,1.1,0.45,14,"CAS","G01","CalSouth Signature",""
"Santa Anita SC Bronze G01",696,0.78,0.62,26,"CAS","G01","CalS CSL Bronze",""
"Pajaro Valley United G01",695,0.76,0.64,25,"CAN","G01","CalNorth CCSL Silver",""
"Tactical FC G01",694,0.61,0.78,31,"NV","G01","SSGSL Classic",""
"Utah Glory Red G01",694,1.14,0.42,26,"UT","G01","Utah B",""
"SF Seals Blue G00",693,0.92,0.52,17,"CAN","G00","CalN CCSL Prep Bronze",""
"UPSC Blue Starz G01",692,0.89,0.53,23,"WA","G01","D3-1",""
"Almaden FC Quicksilver Black G01",688,0.67,0.69,30,"CAN","G01","CalNorth CCSL Copper",""
"PCU Black G01",687,0.73,0.63,41,"OR","G01","Thorns Div 2",""
"Colorado Hawks Red G01",687,0.87,0.53,28,"CO","G01","CO Challenge Metro South",""
"Capital Valley United Crossfire 02 BlackG01",686,0.89,0.51,21,"CAN","G01","CalNorth CCSL Copper",""
"THUSC Lithium G01",686,0.57,0.8,36,"OR","G01","OPL 1st",""
"Joga FC 02 GP G01",686,0.77,0.59,22,"UT","G01","Utah A",""
"Sereno SC 02 West White G01",685,0.86,0.52,24,"AZ","G01","AZOL4",""
"Utah Valley United Blue G01",684,0.61,0.73,26,"UT","G01","Utah A",""
"Ajax Utah FC 02A G01",684,0.82,0.55,26,"UT","G01","Utah A",""
"Capital SC Strikers G01",682,0.8,0.55,14,"NV","G01","GBYSL",""
"Molalla Youth Orange G01",680,1.17,0.37,13,"OR","G01","Thorns Div 2",""
"Xtreme United G01",679,0.91,0.48,25,"UT","G01","Utah A",""
"Westside Timbers Copa TS G01",679,0.79,0.55,42,"OR","G01","Thorns Div 2",""
"Meridian United FC Purple G01",677,0.82,0.52,21,"ID","G01","IYSA D3-B",""
"Broomfield Blast 02 Black G01",676,0.77,0.55,27,"CO","G01","CO Challenge North",""
"SC Del Sol 02 Gieszl G01",675,0.72,0.59,28,"AZ","G01","AZOL 2",""
"Portneuf Valley SC La Maquina G01",673,0.61,0.69,10,"ID","G01","",""
"San Carlos United Blitz Black G01",670,0.88,0.46,17,"CAN","G01","",""
"NWN Blue G01",670,0.87,0.47,45,"WA","G01","RCL 4",""
"Cypress FC Premier White G01",670,0.53,0.77,31,"CAS","G01","CalSouth DSL3",""
"Empire SC Blue Bombers G01",669,0.95,0.42,29,"CAN","G01","NorCal Silver",""
"FC Salmon Creek Nemesis White G01",668,1.08,0.37,32,"WA","G01","OPL Premier",""
"FC Bayern 02 SR G01",668,0.78,0.51,27,"UT","G01","Utah B",""
"AC Los Banos Terremotos G01",666,0.92,0.43,8,"CAN","G01","",""
"Carlsbad United FC Dev G01",665,0.62,0.63,21,"CAS","G01","Presidio AA-C",""
"Bozeman Blitzz White G01",664,0.58,0.67,9,"MT","G01","",""
"Whatcom FC Rangers White G01",664,0.63,0.62,35,"WA","G01","NPSL 3",""
"Livermore Fusion SC White G01",663,0.64,0.6,11,"CAN","G01","NorCal Copper",""
"Junior United SA OC Tsunami G01",662,0.94,0.41,14,"CAS","G01","CalSouth Signature",""
"Monterey County FC United Red G01",662,0.77,0.5,10,"CAN","G01","CalNorth CCSL Copper",""
"Solano Mustangs G01",662,0.45,0.86,24,"CAN","G01","CalNorth CCSL Copper",""
"Central Marin 02 White Magic G01",662,0.62,0.62,27,"CAN","G01","NorCal Silver",""
"WAFC Cobras G01",661,1.01,0.38,28,"OR","G01","Thorns Div 1",""
"Ballistic Green G01",660,0.78,0.49,18,"ID","G01","",""
"Carson FC Luna Chicks G01",658,0.73,0.51,22,"NV","G01","GBYSL",""
"Central Santa Clara Valley Pride Blue G01",657,0.64,0.58,32,"CAN","G01","CalNorth CCSL Copper",""
"Foothills SC Rangers White G01",657,0.72,0.52,18,"OR","G01","OPL Premier",""
"Real Colorado Platinum G01",657,0.74,0.5,29,"CO","G01","CO Challenge Metro South",""
"FWFC Wolverines G01",653,0.86,0.42,12,"WA","G01","D3-1",""
"Arsenal Colorado White G01",650,0.63,0.56,29,"CO","G01","CO Challenge North",""
"Central California Aztecs Black G01",649,0.58,0.61,32,"CAS","G01","CalSouth DSL3",""
"Crusaders FC Red G01",648,0.41,0.84,18,"CAS","G01","CalS CSL Bronze",""
"Stars United RSGF G01",648,0.68,0.51,28,"UT","G01","Utah A",""
"Kajumulo FC Farasi G01",647,0.73,0.48,12,"WA","G01","",""
"Oregon City Fusion G01",645,0.68,0.5,34,"OR","G01","OPL 1st",""
"Helena Arsenal Gold G01",644,0.71,0.48,8,"MT","G01","MYSA Select",""
"SVSLV Aftershock Red G01",644,0.49,0.7,16,"CAN","G01","CalNorth CCSL Bronze",""
"Rage FC G01",644,0.76,0.45,20,"UT","G01","Utah SUSA",""
"Alameda SC Bellas G01",643,0.8,0.42,18,"NM","G01","Duke City League 2",""
"New Mexico Rush Azul G01",642,0.73,0.46,22,"NM","G01","Duke City League 2",""
"St Vrain FC White G01",641,0.58,0.57,29,"CO","G01","CO Challenge North",""
"Blast SC Magnusson G01",640,0.47,0.7,27,"CAS","G01","Presidio AA-C",""
"Lakeland Nighthawks G01",639,0.67,0.49,13,"ID","G01","ID NWL",""
"Bay Area Girls Unite Revolution G01",636,0.67,0.48,25,"CAN","G01","CalN CCSL Prep Bronze",""
"Black Diamonds G01",633,0.96,0.33,23,"NV","G01","GBYSL",""
"Snohomish Red G01",632,0.77,0.41,34,"WA","G01","RCL 4",""
"South San Jose Strikers White G01",630,0.5,0.61,12,"CAN","G01","CalNorth CCSL Copper",""
"Colorado Rapids Youth 02 White G01",629,0.46,0.67,23,"CO","G01","CO Challenge Metro South",""
"BSC Portland Tiempo G01",629,0.44,0.69,26,"OR","G01","Thorns Div 1",""
"MpVSA Sounders G01",626,0.71,0.43,12,"WA","G01","D3-1",""
"Velocity FC Green G01",625,0.59,0.5,34,"WA","G01","PSPL Classic 2",""
"Canyon del Oro SC 02 Gold G01",625,0.62,0.48,19,"AZ","G01","PCJSL",""
"Ashland SC Ruckus G01",624,0.51,0.58,13,"OR","G01","SOCL",""
"West Valley Vision Gold G01",623,0.73,0.4,12,"CAN","G01","CalNorth CCSL Copper",""
"Sacramento North Lightning G01",622,0.88,0.33,13,"CAN","G01","CalNorth CCSL Copper",""
"FC Spokane Grey Blackburn G01",622,0.75,0.39,22,"WA","G01","",""
"Nationals West White G01",622,0.68,0.43,16,"ID","G01","IYSA D3-B",""
"Utah Valley Elite 02 Blue G01",622,0.76,0.38,28,"UT","G01","Utah A",""
"Morgan Storm CF G01",621,0.81,0.36,22,"UT","G01","Utah A",""
"High Desert Premier Real Madrid RM G01",620,0.71,0.41,12,"CAS","G01","CalS CSL Bronze",""
"ASE Royal G01",619,0.49,0.58,16,"WA","G01","",""
"Magic City White G01",618,0.8,0.35,22,"MT","G01","MYSA Select",""
"Silver Lake SC Blueberries G01",617,0.49,0.57,15,"WA","G01","NPSL 3",""
"RSF Attack White G01",617,0.42,0.68,16,"CAS","G01","Presidio AA-C",""
"Black Hills Rapids White G01",616,0.67,0.42,14,"SD","G01","",""
"Natomas United SC Elite Juniors G01",612,0.57,0.47,22,"CAN","G01","CalNorth CCSL Bronze",""
"CFC White G01",612,0.52,0.53,33,"OR","G01","Thorns Div 1",""
"Real Colorado 02 Edge Eagles G01",612,0.42,0.65,36,"CO","G01","CO Challenge North",""
"Seattle United West White G01",611,0.7,0.38,19,"WA","G01","NPSL 3",""
"St Vrain FC Black G01",610,0.57,0.47,26,"CO","G01","CO Challenge North",""
"Kent United White G01",610,0.57,0.47,39,"WA","G01","NPSL 3",""
"Alpine Strikers AFC White G01",609,0.69,0.39,28,"CAN","G01","CalNorth CCSL Copper",""
"El Dorado Hills Lightning G01",608,0.45,0.59,35,"CAN","G01","NorCal Silver",""
"Los Gatos United Gold G01",606,0.59,0.44,30,"CAN","G01","CalNorth CCSL Bronze",""
"Spokane Foxes Platinum G01",605,0.78,0.33,33,"WA","G01","PSPL INW Copa 1",""
"Northern Utah County Soccer Fury G01",605,0.5,0.52,25,"UT","G01","Utah Valley",""
"Sunnyvale Alliance SC Blast Red G01",602,0.63,0.4,25,"CAN","G01","CalNorth CCSL Bronze",""
"El Camino Real Monterey Salinas FC G01",601,0.38,0.67,10,"CAN","G01","",""
"Ajax Utah FC 02B G01",601,0.82,0.31,19,"UT","G01","Utah B",""
"Hot Shots G01",600,0.93,0.27,21,"UT","G01","Utah B",""
"Cascade FC G01 Green",598,0.5,0.49,37,"WA","G01","PSPL Classic 1",""
"Trebol SC Black G01",597,0.52,0.47,27,"CO","G02","CO Challenge North",""
"HSC Impact G01",596,0.7,0.35,33,"OR","G01","Thorns Div 2",""
"Vegas United 02 Red G01",594,0.38,0.62,22,"NV","G01","SSGSL Classic",""
"Granite Falls Thunderbirds G01",593,0.59,0.4,21,"WA","G01","NPSL 3",""
"Vail Valley Yellow G01",593,0.49,0.49,24,"CO","G01","CO Challenge Metro South",""
"Cascade Rush Revolution G01",592,0.4,0.59,21,"OR","G01","",""
"Alameda SC Islanders Navy G01",590,0.77,0.3,22,"CAN","G01","NorCal Copper",""
"Magnus FC Gold G01",589,0.59,0.39,25,"CAS","G01","CalS CSL Bronze",""
"Half Moon Bay Fog G01",589,0.5,0.46,22,"CAN","G01","CalNorth CCSL Copper",""
"SSA Pirates G01",588,0.47,0.49,19,"CAN","G01","CalNorth CCSL Copper",""
"Mustang Fierce G01",588,0.54,0.43,23,"CAN","G01","NorCal Bronze",""
"Pride SC 02 Red G01",587,0.29,0.79,30,"CO","G01","CO Classic 3",""
"Phoenix Rush 02 Nero G01",585,0.29,0.78,25,"AZ","G01","AZOL 3",""
"Mid-County Surf G01",585,0.56,0.4,20,"CAN","G01","CalNorth CCSL Bronze",""
"Missoula Strikers Red G01",583,0.44,0.51,14,"MT","G01","MYSA Select",""
"Silver FC G01",581,0.74,0.3,31,"WA","G01","NPSL 3",""
"THUSC Cobalt Redstar G01",581,0.62,0.35,26,"OR","G01","OPL 1st",""
"Breakers Bischoff G01",581,0.38,0.58,11,"WA","G01","",""
"Northern Utah County Soccer Blue Crush G01",577,0.7,0.3,20,"UT","G01","Utah Valley",""
"Orchard Valley Crush White G01",577,0.57,0.38,42,"CAN","G01","CalNorth CCSL Copper",""
"Cedar Storm G01",576,0.46,0.46,16,"UT","G01","Utah SUSA",""
"NEU Barcelona Blue G01",575,0.49,0.43,32,"OR","G01","OPL 1st",""
"Westside Timbers Samba G01",573,0.63,0.33,19,"OR","G01","Thorns Div 1",""
"Murray Max Orange G01",569,0.43,0.47,26,"UT","G01","Utah A",""
"Sunnyvale Alliance SC Blast Black G01",567,0.71,0.28,24,"CAN","G01","CalNorth CCSL Copper",""
"Orange Junior SC Crush G01",567,0.59,0.34,15,"CAS","G01","CalSouth Signature",""
"North Valley SC G01",563,0.49,0.39,25,"CAS","G01","CalS CSL Bronze",""
"SF Vikings Glens Indigo G01",559,0.73,0.26,22,"CAN","G01","CalN CCSL Prep Bronze",""
"San Ramon AZURI CS 02 Fireballs G01",558,0.49,0.38,15,"CAN","G01","NorCal Copper",""
"Mustang Banshees G01",558,0.56,0.33,29,"CAN","G01","NorCal Copper",""
"East Valley FC Blue G01",557,0.46,0.41,24,"CAN","G01","NorCal Silver",""
"San Bruno Lowen 83 Monsoon G01",555,0.29,0.63,20,"CAN","G01","CalNorth CCSL Copper",""
"Duke City Stars 02 Panthers G01",554,0.67,0.27,21,"NM","G01","Duke City League 2",""
"Wasatch SC Crush BC G01",552,0.52,0.35,33,"UT","G01","Utah B",""
"Colorado United Bronze G01",547,0.38,0.46,34,"CO","G01","CO Challenge Metro South",""
"SF Vikings Tremors Black G00",546,0.67,0.26,17,"CAN","G00","CalN CCSL Prep Bronze",""
"South San Jose Celtics G01",546,0.57,0.3,20,"CAN","G01","CalNorth CCSL Copper",""
"FC Spokane Cheney Storm FC G01",545,0.47,0.36,25,"WA","G01","PSPL INW Copa 1",""
"Octane FC G01",539,0.54,0.31,15,"UT","G01","Utah A",""
"Blue Knights 02 G01",539,0.55,0.3,22,"CO","G01","Utah B",""
"North Valley United Green G01",532,0.43,0.37,12,"CAN","G01","CalNorth CCSL Copper",""
"Forty-Niner United Xtreme G01",530,0.54,0.29,21,"CAN","G01","CalNorth CCSL Copper",""
"Long Beach Stingers G01",527,0.34,0.44,15,"CAS","G01","CalSouth Signature",""
"Molalla Youth Yellow G01",525,0.62,0.24,24,"OR","G01","Thorns Div 2",""
"Los Alamos 02 Hotshots G01",525,0.54,0.28,15,"NM","G01","Duke City League 2",""
"Utah Soccer Alliance 02 EM G01",525,0.43,0.35,11,"UT","G01","Utah B",""
"Encinitas Express Soccer Blue G01",523,0.41,0.36,19,"CAS","G01","CalSouth DSL3",""
"Newport FC Tenacity G01",523,0.38,0.38,32,"WA","G01","NPSL 2",""
"Outlaws FC Silver G01",522,0.41,0.36,31,"UT","G01","Utah B",""
"South Bay Gunners Black G01",521,0.49,0.3,14,"CAS","G01","CalS CSL Bronze",""
"Mesa SC 02 United G01",520,0.4,0.36,30,"AZ","G01","AZOL4",""
"Pride SC 02 White G01",514,0.49,0.28,20,"CO","G01","CO Challenge Metro South",""
"Fusion SC Livermore Heat G01",513,0.29,0.47,9,"CAN","G01","",""
"South Tacoma United G01",509,0.51,0.26,16,"WA","G01","D3-1",""
"Central Marin 02 Blue Magic G01",506,0.5,0.26,23,"CAN","G01","NorCal Silver",""
"Manteca Rangers United White G01",506,0.37,0.35,16,"CAN","G01","CalNorth CCSL Copper",""
"Westminster AFC 02 Copa G01",505,0.46,0.28,22,"CO","G01","CO Challenge North",""
"RVSC Timbers White G02",503,0.47,0.27,10,"OR","G02","SOCL",""
"Grants Pass YSC Blazers",501,0.4,0.32,10,"OR","G02","SOCL",""
"Valor Stern G01",500,0.79,0.16,11,"WA","G01","",""
"Peninsula Odyssey White G01",495,0.35,0.34,28,"CAN","G01","CalNorth CCSL Bronze",""
"Moscow United G01",490,0.24,0.49,20,"ID","G01","ID NWL",""
"Washington Timbers Burgundy G01",489,0.26,0.44,28,"WA","G01","Thorns Div 2",""
"Portneuf Valley SC G01",486,0.28,0.4,9,"ID","G01","",""
"Clackamas Black Eruption G01",485,0.35,0.32,41,"OR","G01","OPL 1st",""
"Thompson United G01",485,0.43,0.26,20,"CO","G01","CO Challenge North",""
"Monterey Bay Sports Sharks G01",483,0.28,0.4,13,"CAN","G01","CalNorth CCSL Copper",""
"Basin United Rage G03",483,0.5,0.22,10,"OR","G03","SOCL",""
"Belmont United SC Ice G01",483,0.48,0.23,28,"CAN","G01","CalNorth CCSL Bronze",""
"Vallejo FC Warriors G01",482,0.38,0.29,19,"CAN","G01","NorCal Bronze",""
"Colorado Rapids Youth 02 Blue G01",478,0.36,0.29,23,"CO","G01","CO Challenge Metro South",""
"DFC Yellow Jackets G01",476,0.29,0.37,24,"UT","G01","Utah B",""
"Santa Cruz City SC Jaws White G01",474,0.35,0.29,16,"CAN","G01","CalNorth CCSL Copper",""
"FC Milpitas Dynamite G01",472,0.44,0.23,28,"CAN","G01","CalNorth CCSL Copper",""
"EBU - Bay Oaks Sting Yellow G01",466,0.34,0.29,32,"CAN","G01","NorCal Bronze",""
"Rohnert Park Inferno G01",465,0.24,0.41,32,"CAN","G01","NorCal Silver",""
"Valor Delpizzo G01",463,0.35,0.27,25,"WA","G01","PSPL INW Copa 1",""
"Fuerza FC Academy G01",461,0.48,0.2,27,"WA","G01","PSPL Classic 2",""
"Spokane Foxes Red G01",461,0.31,0.3,18,"WA","G01","",""
"FWFC Fireballs G01",456,0.42,0.22,22,"WA","G01","D3-1",""
"Mission SF Chivas Mornarcas G00",455,0.25,0.36,17,"CAN","G00","CalN CCSL Prep Bronze",""
"Xifa 2021 G02",454,0.45,0.2,10,"WA","G02","PSPL INW Copa 1",""
"Parowan SC G01",452,0.48,0.19,8,"UT","G01","Utah SUSA",""
"Utah Surf 02R G01",447,0.36,0.24,25,"UT","G01","Utah A",""
"Sporting Carson Valley White G01",441,0.28,0.3,12,"NV","G01","GBYSL",""
"Umpqua United SC G-Force G02",440,0.39,0.21,10,"OR","G02","SOCL",""
"Freedom SC 02 Real G01",437,0.19,0.43,20,"AZ","G01","PCJSL",""
"Northern Utah County Soccer Dynamite G01",437,0.39,0.21,19,"UT","G01","Utah Valley",""
"Seattle Celtics White G01",437,0.47,0.17,12,"WA","G01","PSPL Classic 2",""
"Sagebrush Zephyr",437,0.28,0.29,22,"NV","G01","GBYSL",""
"AYSO Challenge FC Cyclones G01",436,0.47,0.17,16,"NM","G01","Duke City League 2",""
"Sparta United 02 South JT G01",434,0.36,0.22,22,"UT","G01","Utah A",""
"Pac San Jose Brasilliance G01",432,0.17,0.46,8,"CAN","G01","NorCal Silver",""
"Table Rock SC Wildcats G02",431,0.25,0.31,10,"OR","G02","SOCl",""
"East Bay Eclipse Solar G01",427,0.15,0.51,17,"CAN","G01","",""
"ISC Gunners Select G01",427,0.36,0.21,21,"WA","G01","NPSL 3",""
"Fire Soccer Academy Juniors Red G01",427,0.38,0.2,19,"WA","G01","PSPL Classic 2",""
"BYSC Select Wolverines G01",426,0.33,0.23,16,"WA","G01","NPSL 3",""
"Roseville YSC Vortex G01",424,0.24,0.31,27,"CAN","G01","CalNorth CCSL Copper",""
"SGESC Fusion G01",424,0.35,0.21,23,"WA","G01","D3-1",""
"Stanford SC 02 Heatwave G01",421,0.32,0.23,28,"CAN","G01","CalNorth CCSL Copper",""
"Napa Valley 02 Fire Black G01",421,0.29,0.25,11,"CAN","G01","NorCal Silver",""
"Bend FC Timbers White G01",417,0.35,0.2,30,"OR","G01","Thorns Div 2",""
"Oakland Orangezillas FC G01",416,0.44,0.16,22,"CAN","G01","NorCal Copper",""
"CB United G01",412,0.44,0.15,8,"WA","G01","",""
"Cascade FC G01 White",408,0.24,0.27,35,"WA","G01","PSPL Classic 2",""
"Cads Academy G01",405,0.38,0.17,8,"ID","G01","",""
"Santa Rosa South Earthquakes G01",403,0.25,0.25,13,"CAN","G01","NorCal Silver",""
"Northern Coyotes G02",402,0.22,0.29,9,"NM","G02","",""
"FC Elk Grove Impact G01",401,0.25,0.25,12,"CAN","G01","CalNorth CCSL Silver",""
"Colorado Hawks White G01",396,0.29,0.21,18,"CO","G01","CO Challenge Metro South",""
"Xtreme Blazers G01",390,0.27,0.21,19,"UT","G01","Utah Valley",""
"DFC Lions G01",384,0.4,0.14,20,"UT","G01","Utah B",""
"FC West Lady Vikings G01",373,0.22,0.24,27,"OR","G01","OPL 1st",""
"Northern Utah County Soccer Utah Blast G01",371,0.3,0.17,19,"UT","G01","Utah Valley",""
"San Diego United FC White G01",365,0.14,0.34,21,"CAS","G01","Presidio AA-B",""
"AYSO Challenge FC Legends G01",356,0.29,0.16,21,"NM","G01","Duke City League 2",""
"FC Brighton Hurricanes G01",347,0.18,0.24,9,"CO","G01","CO Challenge Metro South",""
"Southern Arizona FC Wolves G01",344,0.13,0.32,13,"AZ","G01","PCJSL",""
"Sawtooth United FC White G01",343,0.17,0.25,8,"ID","G01","",""
"Thelo United FC White Storm G01",329,0.13,0.28,27,"OR","G01","OPL 1st",""
"Bonneville YSL Odyssey G01",327,0.18,0.21,10,"ID","G01","",""
"Highline SC Tigers G01",327,0.16,0.24,12,"WA","G01","D3-1",""
"Foothills SC Rangers Green G01",313,0.18,0.2,23,"OR","G01","OPL 1st",""
"Monterey County FC United White G01",308,0.26,0.13,10,"CAN","G01","CalNorth CCSL Copper",""
"North Marin United White G01",303,0.12,0.28,20,"CAN","G01","NorCal Silver",""
"Mountain Home Strikers G01",299,0.15,0.21,8,"ID","G01","IYSA D3-B",""
"Velocity FC White G01",299,0.15,0.21,28,"WA","G01","PSPL Classic 2",""
"Utah Valley United Green G01",285,0.16,0.18,22,"UT","G01","Utah A",""
"Mt Hamilton Twilight G01",271,0.23,0.11,9,"CAN","G01","CalNorth CCSL Copper",""
"APTOS SC Tide White G01",267,0.11,0.22,26,"CAN","G01","CalNorth CCSL Copper",""
"RVSC Timbers White G03",255,0.16,0.15,8,"OR","G03","SOCL",""
"Richmond United Stingrays G01",189,0.11,0.13,17,"CAN","G01","CalNorth CCSL Copper",""
"Tecos Hayward FC Thundretts G01",139,0.1,0.1,16,"CAN","G01","NorCal Copper",""
"Davis Alliance The Republic G01",129,0.05,0.18,8,"CAN","G01","",""
"MI FC Hurricanes G01",121,0.06,0.14,24,"WA","G01","NPSL 3",""
"Wheat Ridge Avalanche Blue G01",75,0.05,0.14,19,"CO","G01","CO Challenge North",""
"Northern Utah County Soccer Rapids G01",15,0.05,0.09,10,"UT","G01","Utah Valley",""
"Ladera Ranch Wings G01",NA,NA,0.19,10,"CAS","G01","CalSouth Signature",""
